"Дата","Цена","Откр.","Макс.","Мин.","Объём","Изм. %"
"31.03.2023","39,69","40,21","40,24","39,52","18,23M","-1,38%"
"30.03.2023","40,24","40,60","41,00","40,02","27,14M","-0,87%"
"29.03.2023","40,60","39,15","40,65","38,96","48,70M","3,70%"
"28.03.2023","39,15","39,45","39,75","38,91","17,02M","-0,62%"
"27.03.2023","39,40","38,99","39,48","38,92","20,95M","1,26%"
"24.03.2023","38,90","39,29","39,29","38,77","13,86M","-0,64%"
"23.03.2023","39,15","39,35","39,49","38,94","15,02M","-0,50%"
"22.03.2023","39,35","39,49","39,74","39,22","13,83M","-0,62%"
"21.03.2023","39,60","40,28","40,52","39,21","19,53M","-1,39%"
"20.03.2023","40,15","39,89","40,28","39,50","25,53M","0,66%"
"17.03.2023","39,89","40,26","40,92","39,43","32,37M","-0,89%"
"16.03.2023","40,25","40,87","40,87","39,66","29,93M","-1,59%"
"15.03.2023","40,90","41,28","41,61","40,60","12,44M","-0,92%"
"14.03.2023","41,28","41,50","41,50","40,75","13,33M","-0,57%"
"13.03.2023","41,51","42,12","42,67","41,01","24,48M","-1,41%"
"10.03.2023","42,11","41,17","42,27","41,01","22,62M","1,94%"
"09.03.2023","41,31","40,79","41,54","40,46","24,12M","1,59%"
"07.03.2023","40,67","40,08","40,87","39,60","19,41M","1,70%"
"06.03.2023","39,99","39,85","40,09","39,56","16,74M","0,77%"
"03.03.2023","39,68","38,89","39,68","38,74","9,96M","1,90%"
"02.03.2023","38,94","39,60","39,90","38,43","21,41M","-1,34%"
"01.03.2023","39,47","39,16","39,49","39,00","9,53M","1,02%"
"28.02.2023","39,07","39,21","39,51","38,90","11,01M","-0,06%"
"27.02.2023","39,10","38,65","39,37","38,31","14,42M","0,70%"
"24.02.2023","38,83","38,80","39,50","38,26","19,28M","0,06%"
"22.02.2023","38,80","38,31","38,90","38,00","18,47M","1,28%"
"21.02.2023","38,31","36,88","38,51","36,88","26,62M","4,02%"
"20.02.2023","36,83","36,33","37,25","35,81","14,35M","0,81%"
"17.02.2023","36,53","36,35","36,90","35,98","11,18M","0,52%"
"16.02.2023","36,35","35,83","36,73","35,81","13,97M","1,42%"
"15.02.2023","35,83","37,30","37,35","35,26","24,52M","-4,15%"
"14.02.2023","37,38","38,36","38,45","37,12","18,36M","-2,66%"
"13.02.2023","38,40","38,51","38,90","38,35","9,38M","-0,16%"
"10.02.2023","38,47","38,00","38,56","37,96","13,53M","0,85%"
"09.02.2023","38,14","37,60","38,47","37,56","11,61M","0,98%"
"08.02.2023","37,77","38,10","38,40","37,54","12,60M","-0,81%"
"07.02.2023","38,08","38,38","38,63","37,65","12,49M","-0,85%"
"06.02.2023","38,40","38,35","38,79","38,13","19,79M","0,71%"
"03.02.2023","38,13","37,88","38,49","37,21","24,11M","0,49%"
"02.02.2023","37,95","36,79","38,25","36,53","34,13M","3,46%"
"01.02.2023","36,68","36,00","36,83","35,90","20,40M","2,04%"
"31.01.2023","35,94","35,54","35,99","35,28","17,56M","1,35%"
"30.01.2023","35,47","34,40","35,49","34,19","26,99M","3,32%"
"27.01.2023","34,33","33,90","34,39","33,90","6,04M","1,15%"
"26.01.2023","33,94","34,03","34,08","33,76","4,39M","-0,15%"
"25.01.2023","33,99","33,87","34,04","33,60","6,28M","0,22%"
"24.01.2023","33,91","34,13","34,49","33,83","8,79M","-0,41%"
"23.01.2023","34,05","33,73","34,13","33,63","6,56M","0,80%"
"20.01.2023","33,78","33,99","34,15","33,51","12,12M","-0,62%"
"19.01.2023","33,99","34,49","34,56","33,87","8,03M","-1,46%"
"18.01.2023","34,49","34,10","34,69","34,08","7,56M","0,92%"
"17.01.2023","34,18","34,67","34,86","34,03","10,59M","-1,33%"
"16.01.2023","34,64","34,10","34,73","34,10","9,23M","1,66%"
"13.01.2023","34,08","33,80","34,40","33,56","8,26M","0,69%"
"12.01.2023","33,84","33,62","33,92","33,31","8,21M","0,68%"
"11.01.2023","33,61","33,30","33,74","33,18","8,51M","0,96%"
"10.01.2023","33,29","33,17","33,42","32,88","9,15M","0,09%"
"09.01.2023","33,26","33,55","33,55","33,14","7,42M","-0,30%"
"06.01.2023","33,36","33,10","33,44","33,01","3,46M","0,71%"
"05.01.2023","33,13","33,15","33,28","32,90","4,94M","-0,45%"
"04.01.2023","33,28","33,31","33,63","33,03","5,69M","-0,36%"
"03.01.2023","33,40","32,90","33,49","32,72","7,37M","1,61%"
"30.12.2022","32,87","32,25","32,97","32,12","11,05M","2,03%"
"29.12.2022","32,21","32,13","32,35","32,10","3,23M","0,22%"
"28.12.2022","32,14","32,03","32,40","31,82","8,62M","0,00%"
"27.12.2022","32,14","32,26","32,40","32,09","6,21M","0,20%"
"26.12.2022","32,08","31,85","32,13","31,80","6,85M","0,64%"
"23.12.2022","31,87","31,91","32,16","31,64","5,59M","-0,06%"
"22.12.2022","31,89","31,70","32,42","31,52","12,72M","0,13%"
"21.12.2022","31,85","32,53","32,79","31,25","30,60M","-1,88%"
"20.12.2022","32,46","32,95","34,20","32,30","58,10M","-1,43%"
"19.12.2022","32,93","31,60","33,15","31,51","25,96M","4,08%"
"16.12.2022","31,64","31,30","31,72","31,28","10,69M","0,94%"
"15.12.2022","31,34","31,76","31,84","31,05","19,81M","-1,88%"
"14.12.2022","31,94","32,21","32,27","31,77","8,97M","-0,79%"
"13.12.2022","32,20","31,88","32,33","31,48","27,49M","1,02%"
"12.12.2022","31,88","31,72","32,10","31,50","13,56M","1,03%"
"09.12.2022","31,55","31,75","31,96","31,34","14,73M","-0,28%"
"08.12.2022","31,64","31,25","31,86","31,10","21,77M","1,25%"
"07.12.2022","31,25","31,17","31,30","30,75","11,50M","0,14%"
"06.12.2022","31,20","31,28","31,42","31,08","6,85M","-0,08%"
"05.12.2022","31,23","31,31","31,66","31,03","11,46M","-0,03%"
"02.12.2022","31,24","31,55","31,62","31,05","10,52M","-0,87%"
"01.12.2022","31,51","31,65","31,77","31,41","8,49M","-0,16%"
"30.11.2022","31,57","31,66","31,99","31,18","20,67M","-0,11%"
"29.11.2022","31,60","31,05","31,62","30,88","19,04M","2,46%"
"28.11.2022","30,84","30,69","31,10","30,45","13,84M","0,10%"
"25.11.2022","30,81","30,90","31,07","30,46","12,53M","-0,36%"
"24.11.2022","30,92","31,00","31,23","30,77","7,79M","-0,37%"
"23.11.2022","31,03","31,26","31,70","30,83","28,43M","-0,66%"
"22.11.2022","31,24","29,99","31,40","29,79","40,81M","3,99%"
"21.11.2022","30,04","30,19","30,19","29,58","14,95M","-0,36%"
"18.11.2022","30,15","30,06","30,19","29,80","8,67M","-0,03%"
"17.11.2022","30,16","30,51","30,63","29,86","9,70M","-1,13%"
"16.11.2022","30,50","30,07","30,69","29,91","19,31M","2,04%"
"15.11.2022","29,90","31,07","31,30","29,00","29,81M","-3,53%"
"14.11.2022","30,99","31,03","31,65","30,50","23,76M","0,03%"
"11.11.2022","30,98","31,32","31,48","30,60","19,14M","-0,77%"
"10.11.2022","31,22","30,80","31,50","30,40","28,21M","1,41%"
"09.11.2022","30,78","32,00","32,00","30,51","33,19M","-4,65%"
"08.11.2022","32,28","32,99","33,41","32,03","25,75M","-1,97%"
"07.11.2022","32,94","32,14","33,23","31,65","41,81M","4,56%"
"03.11.2022","31,50","30,40","31,50","29,86","33,88M","3,41%"
"02.11.2022","30,46","31,10","31,18","30,02","9,67M","-2,01%"
"01.11.2022","31,08","31,25","31,60","30,58","20,77M","-0,27%"
"31.10.2022","31,17","32,04","32,21","30,80","25,36M","-2,68%"
"28.10.2022","32,03","32,35","32,64","31,63","28,39M","-0,99%"
"27.10.2022","32,35","30,60","32,65","30,32","54,81M","5,91%"
"26.10.2022","30,55","29,90","30,92","29,37","32,41M","2,33%"
"25.10.2022","29,85","29,63","30,09","29,50","25,98M","1,08%"
"24.10.2022","29,53","28,81","29,80","28,33","48,45M","2,52%"
"21.10.2022","28,81","28,00","29,13","27,65","47,64M","2,73%"
"20.10.2022","28,04","26,83","28,24","26,50","45,56M","5,14%"
"19.10.2022","26,67","27,42","27,87","26,22","48,45M","-3,28%"
"18.10.2022","27,58","28,20","28,65","27,34","32,09M","-1,99%"
"17.10.2022","28,14","26,26","28,16","26,24","35,04M","7,57%"
"14.10.2022","26,16","26,10","26,49","25,59","15,73M","0,08%"
"13.10.2022","26,14","26,42","26,80","25,90","15,47M","-1,08%"
"12.10.2022","26,42","26,31","27,28","25,68","22,29M","0,53%"
"11.10.2022","26,28","25,35","26,52","25,17","21,02M","3,67%"
"10.10.2022","25,35","23,64","25,58","23,37","28,62M","5,54%"
"07.10.2022","24,02","24,93","24,93","23,90","14,63M","-3,65%"
"06.10.2022","24,93","25,51","25,98","24,60","12,77M","-1,15%"
"05.10.2022","25,22","25,17","25,44","23,82","25,53M","-0,28%"
"04.10.2022","25,29","26,30","26,30","24,96","22,21M","-2,73%"
"03.10.2022","26,00","24,48","26,19","23,76","33,12M","7,26%"
"30.09.2022","24,24","22,80","24,90","22,18","48,25M","7,19%"
"29.09.2022","22,61","23,18","23,39","22,00","24,73M","-2,46%"
"28.09.2022","23,18","23,40","23,75","22,66","28,23M","-0,96%"
"27.09.2022","23,41","23,44","24,40","21,66","43,48M","1,08%"
"26.09.2022","23,16","24,99","25,24","22,00","51,15M","-9,18%"
"23.09.2022","25,50","28,20","28,23","24,65","56,42M","-9,67%"
"22.09.2022","28,23","27,17","28,35","27,15","16,46M","3,86%"
"21.09.2022","27,18","26,36","27,59","26,00","22,12M","-3,69%"
"20.09.2022","28,22","30,00","30,00","27,36","48,76M","-5,82%"
"19.09.2022","29,97","30,18","30,76","29,65","15,65M","-0,88%"
"16.09.2022","30,23","29,85","30,27","29,50","16,83M","1,49%"
"15.09.2022","29,78","29,27","29,82","29,09","11,82M","1,76%"
"14.09.2022","29,27","29,34","29,40","28,41","11,09M","-0,59%"
"13.09.2022","29,44","29,73","29,90","29,31","10,41M","-0,96%"
"12.09.2022","29,73","28,80","29,90","28,78","14,69M","2,57%"
"09.09.2022","28,99","28,66","29,13","28,60","9,09M","1,13%"
"08.09.2022","28,66","28,75","28,85","28,10","12,63M","-0,30%"
"07.09.2022","28,75","29,00","29,37","28,67","12,35M","-1,46%"
"06.09.2022","29,17","30,40","30,50","28,52","27,46M","-4,05%"
"05.09.2022","30,40","30,08","30,42","29,70","12,47M","1,33%"
"02.09.2022","30,00","29,41","30,10","29,08","13,19M","2,02%"
"01.09.2022","29,41","29,25","29,60","28,80","12,48M","0,63%"
"31.08.2022","29,22","28,53","29,85","28,25","18,46M","3,38%"
"30.08.2022","28,26","28,30","29,07","28,21","26,47M","0,37%"
"29.08.2022","28,16","27,30","28,18","27,30","18,31M","3,23%"
"26.08.2022","27,28","26,79","27,28","26,70","7,50M","1,72%"
"25.08.2022","26,82","26,95","27,17","26,64","10,93M","-0,54%"
"24.08.2022","26,97","27,10","27,30","26,95","5,39M","-0,52%"
"23.08.2022","27,10","26,93","27,47","26,84","11,25M","0,76%"
"22.08.2022","26,90","26,81","27,25","26,58","11,87M","-0,37%"
"19.08.2022","27,00","26,33","27,00","26,01","13,67M","2,23%"
"18.08.2022","26,41","26,68","26,69","26,13","14,11M","-1,18%"
"17.08.2022","26,73","27,10","27,30","26,36","18,88M","-1,38%"
"16.08.2022","27,10","27,20","27,62","26,66","29,44M","0,31%"
"15.08.2022","27,01","25,85","27,14","25,70","29,91M","3,62%"
"12.08.2022","26,07","25,28","26,14","25,00","25,24M","3,12%"
"11.08.2022","25,28","24,75","25,85","24,35","40,02M","2,97%"
"10.08.2022","24,55","24,27","24,95","23,90","29,71M","1,15%"
"09.08.2022","24,27","23,77","24,38","23,42","20,91M","1,93%"
"08.08.2022","23,81","24,17","24,19","23,46","20,11M","1,49%"
"05.08.2022","23,46","24,00","24,24","23,13","30,66M","-1,92%"
"04.08.2022","23,92","24,30","24,30","23,52","36,66M","-0,83%"
"03.08.2022","24,12","23,93","24,90","22,75","154,78M","-9,29%"
"02.08.2022","26,59","27,80","28,18","26,53","37,10M","-4,35%"
"01.08.2022","27,80","26,94","28,10","26,48","73,36M","5,02%"
"29.07.2022","26,47","26,65","26,72","26,02","20,38M","-0,53%"
"28.07.2022","26,61","27,58","27,67","26,51","19,07M","-3,38%"
"27.07.2022","27,54","27,53","28,00","27,17","15,65M","0,29%"
"26.07.2022","27,46","26,95","27,46","26,91","11,90M","2,31%"
"25.07.2022","26,84","26,44","26,91","26,26","10,72M","1,17%"
"22.07.2022","26,53","25,69","26,58","25,55","14,14M","3,13%"
"21.07.2022","25,73","26,16","26,17","25,50","18,60M","-1,72%"
"20.07.2022","26,17","26,55","26,97","25,90","18,73M","-1,45%"
"19.07.2022","26,56","27,11","27,12","26,21","25,38M","-2,03%"
"18.07.2022","27,11","27,80","27,90","27,03","13,96M","-1,40%"
"15.07.2022","27,50","27,90","28,00","26,80","32,99M","-1,70%"
"14.07.2022","27,97","28,45","29,18","27,80","18,93M","-2,03%"
"13.07.2022","28,55","29,90","29,97","28,24","24,27M","-4,80%"
"12.07.2022","29,99","30,75","30,78","29,50","15,34M","-2,49%"
"11.07.2022","30,75","31,65","31,83","30,66","11,84M","-2,37%"
"08.07.2022","31,50","32,23","32,28","31,40","10,06M","-2,33%"
"07.07.2022","32,25","32,20","32,87","31,30","17,11M","0,28%"
"06.07.2022","32,16","31,10","32,69","30,93","22,97M","3,42%"
"05.07.2022","31,09","31,30","31,52","30,83","14,10M","-0,69%"
"04.07.2022","31,31","32,38","32,80","31,30","9,61M","-3,30%"
"01.07.2022","32,38","32,00","32,77","31,32","10,43M","0,89%"
"30.06.2022","32,10","33,49","33,74","31,73","18,18M","-3,92%"
"29.06.2022","33,40","33,01","33,54","31,66","14,31M","1,20%"
"28.06.2022","33,01","33,50","33,75","32,44","11,62M","-1,46%"
"27.06.2022","33,50","33,71","33,75","33,03","13,11M","-1,02%"
"24.06.2022","33,85","34,86","35,32","33,51","18,81M","-2,90%"
"23.06.2022","34,85","33,75","35,14","33,44","12,89M","2,85%"
"22.06.2022","33,89","34,25","34,35","33,24","11,72M","-1,74%"
"21.06.2022","34,49","34,40","34,70","33,55","15,75M","0,55%"
"20.06.2022","34,30","33,35","34,96","33,10","16,10M","3,08%"
"17.06.2022","33,28","33,30","33,60","32,71","10,53M","0,23%"
"16.06.2022","33,20","32,11","33,63","32,11","17,68M","3,52%"
"15.06.2022","32,07","30,80","32,40","30,61","11,47M","4,06%"
"14.06.2022","30,82","30,80","30,99","30,20","5,92M","0,11%"
"10.06.2022","30,78","30,89","31,20","30,41","6,70M","-0,36%"
"09.06.2022","30,90","32,10","32,27","30,70","9,71M","-3,53%"
"08.06.2022","32,03","31,92","32,44","31,50","11,43M","2,06%"
"07.06.2022","31,38","31,48","31,82","29,65","24,32M","-0,30%"
"06.06.2022","31,48","33,22","33,50","31,25","20,24M","-4,68%"
"03.06.2022","33,02","34,87","34,87","31,47","41,63M","-5,36%"
"02.06.2022","34,89","35,73","35,97","34,31","12,23M","-1,86%"
"01.06.2022","35,55","35,71","36,50","35,20","10,92M","-0,45%"
"31.05.2022","35,71","36,95","37,00","35,58","11,36M","-3,36%"
"30.05.2022","36,95","38,50","38,91","36,90","13,99M","-4,63%"
"27.05.2022","38,74","39,03","39,21","38,32","5,81M","-0,44%"
"26.05.2022","38,92","39,00","39,70","38,56","10,46M","-0,73%"
"25.05.2022","39,20","38,70","39,46","38,05","8,01M","2,16%"
"24.05.2022","38,37","41,00","41,10","37,70","24,41M","-6,13%"
"23.05.2022","40,88","43,80","43,80","40,47","12,75M","-5,70%"
"20.05.2022","43,35","45,12","45,55","43,06","8,96M","-3,69%"
"19.05.2022","45,01","45,75","45,75","44,88","4,10M","-1,63%"
"18.05.2022","45,75","44,81","45,87","44,81","8,35M","2,35%"
"17.05.2022","44,70","43,67","44,79","43,56","4,75M","2,68%"
"16.05.2022","43,53","42,56","43,60","42,17","3,76M","1,98%"
"13.05.2022","42,69","43,00","43,19","42,01","2,51M","-0,02%"
"12.05.2022","42,70","44,44","44,48","42,30","3,70M","-3,83%"
"11.05.2022","44,40","43,98","44,70","43,64","3,57M","1,13%"
"06.05.2022","43,90","44,56","44,70","43,83","4,03M","-1,53%"
"05.05.2022","44,58","44,22","44,75","43,88","3,39M","1,32%"
"04.05.2022","44,01","44,84","44,84","43,01","4,43M","-2,06%"
"29.04.2022","44,93","43,76","44,93","43,01","8,28M","2,93%"
"28.04.2022","43,65","43,80","44,20","43,00","10,60M","0,28%"
"27.04.2022","43,53","42,50","43,62","42,00","6,84M","2,48%"
"26.04.2022","42,47","41,51","42,70","41,31","7,07M","2,35%"
"25.04.2022","41,50","42,00","42,03","40,51","5,61M","-1,19%"
"22.04.2022","42,00","41,83","42,34","41,50","10,82M","0,71%"
"21.04.2022","41,71","41,00","41,90","40,50","10,66M","2,98%"
"20.04.2022","40,50","40,00","41,32","39,22","11,46M","1,76%"
"19.04.2022","39,80","39,58","40,00","38,30","12,07M","0,56%"
"18.04.2022","39,58","40,00","40,70","39,00","4,43M","-0,55%"
"15.04.2022","39,80","40,00","40,43","38,31","6,53M","-0,26%"
"14.04.2022","39,90","41,99","42,00","39,60","7,45M","-4,67%"
"13.04.2022","41,86","42,50","42,80","41,53","3,71M","-1,10%"
"12.04.2022","42,33","42,00","42,36","40,60","6,41M","1,01%"
"11.04.2022","41,90","42,86","43,40","41,25","8,99M","-2,29%"
"08.04.2022","42,88","43,99","44,10","42,55","6,45M","-1,90%"
"07.04.2022","43,71","42,84","43,87","42,70","11,32M","2,03%"
"06.04.2022","42,84","42,80","43,28","41,81","9,70M","-0,02%"
"05.04.2022","42,85","45,35","45,67","42,00","19,68M","-5,53%"
"04.04.2022","45,36","46,66","46,88","44,90","16,11M","-0,53%"
"01.04.2022","45,60","45,10","47,45","44,19","32,90M","3,87%"
"31.03.2022","43,90","43,01","45,30","42,67","32,04M","2,09%"
"30.03.2022","43,00","43,01","44,49","42,38","9,57M","2,87%"
"29.03.2022","41,80","42,23","44,80","40,41","10,39M","-1,02%"
"28.03.2022","42,23","43,88","44,44","41,03","10,74M","-3,58%"
"25.03.2022","43,80","49,60","49,60","43,71","10,68M","-8,00%"
"24.03.2022","47,61","46,90","51,24","45,00","90,68M","-0,14%"
"25.02.2022","47,67","48,29","52,88","45,38","46,99M","-1,55%"
"24.02.2022","48,42","53,00","55,00","35,20","104,65M","-15,49%"
"22.02.2022","57,30","52,50","58,89","49,15","126,91M","9,14%"
"21.02.2022","52,50","61,28","63,00","52,03","105,06M","-14,61%"
"18.02.2022","61,49","62,48","63,49","60,52","63,26M","-1,32%"
"17.02.2022","62,31","65,20","65,44","62,10","57,05M","-4,29%"
"16.02.2022","65,10","65,80","66,64","63,96","34,60M","-0,91%"
"15.02.2022","65,70","64,00","66,16","63,80","30,08M","3,40%"
"14.02.2022","63,54","62,30","64,42","60,12","45,74M","1,99%"
"11.02.2022","62,30","64,63","64,69","61,11","45,19M","-3,56%"
"10.02.2022","64,60","66,20","66,56","64,25","36,22M","-2,57%"
"09.02.2022","66,31","63,38","67,07","63,27","53,12M","4,83%"
"08.02.2022","63,25","60,15","63,36","60,00","52,50M","5,17%"
"07.02.2022","60,14","60,00","61,17","59,60","31,68M","0,57%"
"04.02.2022","59,80","61,00","61,50","59,31","38,74M","-1,53%"
"03.02.2022","60,73","61,00","61,92","60,06","33,58M","-1,01%"
"02.02.2022","61,35","60,92","61,91","59,72","31,05M","1,19%"
"01.02.2022","60,63","62,00","62,28","60,00","43,87M","-1,65%"
"31.01.2022","61,65","60,65","62,43","60,44","33,28M","2,15%"
"28.01.2022","60,35","59,20","60,60","58,92","38,98M","2,12%"
"27.01.2022","59,10","55,88","59,56","55,53","49,72M","5,17%"
"26.01.2022","56,19","56,65","58,24","55,40","46,88M","-0,80%"
"25.01.2022","56,65","58,50","59,58","54,78","92,72M","-3,04%"
"24.01.2022","58,42","62,46","62,79","56,73","75,85M","-6,05%"
"21.01.2022","62,19","61,56","63,26","61,04","32,78M","0,30%"
"20.01.2022","62,00","62,92","64,75","61,65","44,00M","-1,45%"
"19.01.2022","62,92","60,07","64,27","57,10","66,45M","4,01%"
"18.01.2022","60,49","64,50","65,07","58,93","68,61M","-6,22%"
"17.01.2022","64,50","66,00","66,29","63,40","33,22M","-2,27%"
"14.01.2022","66,00","67,78","68,08","63,00","52,60M","-2,05%"
"13.01.2022","67,38","67,98","69,61","67,04","42,91M","-0,75%"
"12.01.2022","67,89","67,39","68,16","67,25","38,33M","-2,96%"
"11.01.2022","69,96","69,87","70,64","69,28","41,00M","-0,63%"
"10.01.2022","70,40","71,80","71,80","70,18","37,94M","-1,08%"
"06.01.2022","71,17","68,18","71,25","67,38","24,86M","2,88%"
"05.01.2022","69,18","71,32","72,00","67,81","23,47M","-3,12%"
"04.01.2022","71,40","70,90","71,92","70,65","16,82M","0,80%"
"03.01.2022","70,83","69,65","70,87","69,65","12,30M","1,70%"
"30.12.2021","69,65","68,76","69,96","68,29","19,73M","1,29%"
"29.12.2021","68,76","69,07","69,20","68,17","15,92M","-0,36%"
"28.12.2021","69,01","68,36","69,73","68,15","22,89M","0,96%"
"27.12.2021","68,36","66,74","68,40","66,47","17,70M","2,42%"
"24.12.2021","66,74","66,80","67,00","65,62","15,37M","0,12%"
"23.12.2021","66,66","66,52","67,11","66,05","20,29M","0,60%"
"22.12.2021","66,26","65,40","66,97","64,80","21,11M","1,88%"
"21.12.2021","65,04","65,25","66,10","64,50","22,02M","-0,16%"
"20.12.2021","65,14","64,99","65,77","63,81","25,98M","0,43%"
"17.12.2021","64,86","63,24","64,96","63,00","22,79M","2,29%"
"16.12.2021","63,40","63,00","64,42","62,60","33,58M","1,35%"
"15.12.2021","62,56","61,39","62,95","60,93","29,75M","2,32%"
"14.12.2021","61,14","61,78","62,77","56,99","32,40M","-0,92%"
"13.12.2021","61,71","65,00","65,00","61,46","27,15M","-3,88%"
"10.12.2021","64,20","63,94","64,44","62,63","23,42M","0,67%"
"09.12.2021","63,78","62,33","63,94","61,96","31,14M","2,61%"
"08.12.2021","62,15","61,90","63,15","61,50","34,58M","0,93%"
"07.12.2021","61,58","61,81","62,47","60,90","21,09M","0,06%"
"06.12.2021","61,54","62,69","63,67","60,83","18,22M","-1,45%"
"03.12.2021","62,45","62,69","63,17","62,33","26,47M","-0,06%"
"02.12.2021","62,49","60,67","62,68","60,13","30,53M","3,80%"
"01.12.2021","60,20","60,20","60,88","59,33","37,79M","0,91%"
"30.11.2021","59,66","59,90","60,79","58,81","41,43M","-2,51%"
"29.11.2021","61,19","62,00","62,20","60,88","28,57M","0,06%"
"26.11.2021","61,16","61,50","62,38","61,10","17,04M","-2,70%"
"25.11.2021","62,86","62,81","63,20","62,58","7,65M","0,69%"
"24.11.2021","62,43","63,42","63,49","62,33","16,86M","-1,12%"
"23.11.2021","63,13","62,21","63,38","60,61","56,67M","1,12%"
"22.11.2021","62,44","64,20","64,20","62,13","23,64M","-2,64%"
"19.11.2021","64,13","65,49","65,63","62,68","35,65M","-1,75%"
"18.11.2021","65,27","62,24","65,39","61,97","55,72M","5,18%"
"17.11.2021","62,06","61,80","62,36","61,44","18,96M","0,32%"
"16.11.2021","61,86","63,01","63,29","61,67","37,44M","-1,78%"
"15.11.2021","62,98","63,47","63,98","62,80","29,90M","-0,90%"
"12.11.2021","63,56","63,85","64,22","62,62","21,34M","-0,72%"
"11.11.2021","64,01","64,02","64,29","63,35","19,64M","0,26%"
"10.11.2021","63,85","64,60","65,13","63,50","18,98M","-1,16%"
"09.11.2021","64,60","64,59","65,94","63,75","28,96M","0,47%"
"08.11.2021","64,30","63,62","64,47","63,62","18,46M","0,96%"
"05.11.2021","63,69","65,00","65,00","63,13","27,94M","-2,25%"
"03.11.2021","65,15","65,21","65,55","64,80","17,14M","-0,42%"
"02.11.2021","65,43","67,20","67,49","65,35","26,56M","-2,58%"
"01.11.2021","67,17","66,30","67,26","65,89","16,50M","1,87%"
"29.10.2021","65,93","65,87","66,62","64,65","38,00M","-0,57%"
"28.10.2021","66,31","67,31","67,35","65,18","44,44M","-1,78%"
"27.10.2021","67,51","68,68","68,70","67,41","22,74M","-1,45%"
"26.10.2021","68,50","68,00","69,18","67,25","36,17M","-0,03%"
"25.10.2021","68,52","71,25","71,25","67,95","64,27M","-2,41%"
"22.10.2021","70,21","70,13","70,82","69,83","30,69M","-0,16%"
"21.10.2021","70,32","69,01","71,39","69,01","51,94M","1,46%"
"20.10.2021","69,31","70,14","70,19","68,21","40,02M","-1,06%"
"19.10.2021","70,05","70,28","70,97","69,42","40,78M","0,17%"
"18.10.2021","69,93","68,50","70,34","67,54","33,60M","2,22%"
"15.10.2021","68,41","70,01","70,01","67,88","31,92M","-1,62%"
"14.10.2021","69,54","70,19","70,35","68,65","29,10M","0,01%"
"13.10.2021","69,53","71,70","71,77","69,10","44,36M","-2,88%"
"12.10.2021","71,59","72,21","72,30","71,22","29,39M","-1,09%"
"11.10.2021","72,38","71,67","72,82","71,67","39,71M","1,32%"
"08.10.2021","71,44","69,59","72,47","69,25","47,77M","2,05%"
"07.10.2021","70,00","69,80","71,96","69,13","76,24M","0,32%"
"06.10.2021","69,78","67,50","69,90","66,34","68,03M","3,49%"
"05.10.2021","67,43","67,14","67,77","65,51","56,27M","0,39%"
"04.10.2021","67,16","69,66","69,81","66,43","46,11M","-3,61%"
"01.10.2021","69,68","68,10","69,86","67,22","31,70M","1,90%"
"30.09.2021","68,38","69,68","70,10","67,85","25,83M","-1,23%"
"29.09.2021","69,22","70,64","71,08","68,36","33,54M","-2,01%"
"28.09.2021","70,64","72,59","72,63","70,25","30,22M","-2,68%"
"27.09.2021","72,59","73,88","74,07","72,11","35,74M","-0,75%"
"24.09.2021","73,14","73,00","74,13","72,05","100,60M","-4,88%"
"23.09.2021","76,89","78,39","78,90","75,50","89,08M","-1,84%"
"22.09.2021","78,33","75,20","78,33","75,00","67,66M","4,34%"
"21.09.2021","75,07","72,63","75,68","72,21","61,96M","4,04%"
"20.09.2021","72,15","73,61","73,64","71,51","40,80M","-2,59%"
"17.09.2021","74,07","75,79","76,00","73,82","33,64M","-2,81%"
"16.09.2021","76,21","76,65","77,32","74,84","24,12M","-0,23%"
"15.09.2021","76,39","75,96","76,86","73,85","42,08M","0,38%"
"14.09.2021","76,10","78,00","79,65","75,32","79,88M","-2,57%"
"13.09.2021","78,11","78,60","78,72","77,05","25,47M","-0,17%"
"10.09.2021","78,25","75,99","78,47","75,22","29,68M","4,03%"
"09.09.2021","75,21","77,48","77,70","75,10","26,33M","-3,56%"
"08.09.2021","77,99","79,18","79,18","77,75","19,33M","-1,08%"
"07.09.2021","78,85","79,44","79,78","78,05","24,70M","-0,46%"
"06.09.2021","79,21","76,56","79,51","76,18","28,95M","3,31%"
"03.09.2021","76,67","76,93","77,75","75,54","34,71M","-0,33%"
"02.09.2021","76,92","76,05","77,18","75,26","45,42M","1,22%"
"01.09.2021","75,99","73,96","76,00","72,69","40,63M","2,90%"
"31.08.2021","73,85","71,70","74,00","71,44","36,32M","3,36%"
"30.08.2021","71,44","71,43","71,87","70,86","13,05M","0,09%"
"27.08.2021","71,38","71,52","71,69","70,67","14,32M","-0,21%"
"26.08.2021","71,53","71,80","72,48","70,78","30,88M","-0,45%"
"25.08.2021","71,86","69,85","72,20","69,68","34,36M","2,89%"
"24.08.2021","69,83","69,00","69,90","69,00","17,57M","1,01%"
"23.08.2021","69,14","68,94","69,47","68,29","21,29M","0,66%"
"20.08.2021","68,69","66,64","68,69","66,36","28,44M","3,58%"
"19.08.2021","66,32","66,49","66,78","65,80","19,19M","-0,65%"
"18.08.2021","66,75","67,30","67,57","66,52","12,70M","-0,73%"
"17.08.2021","67,24","68,00","68,43","67,18","12,01M","-1,41%"
"16.08.2021","68,20","68,30","68,70","67,77","12,93M","-0,50%"
"13.08.2021","68,54","68,90","69,03","68,31","7,43M","-0,31%"
"12.08.2021","68,75","68,99","69,09","68,40","12,18M","-0,11%"
"11.08.2021","68,83","69,21","69,30","68,17","14,39M","-0,03%"
"10.08.2021","68,85","67,70","69,15","67,26","20,71M","1,95%"
"09.08.2021","67,53","68,13","68,38","67,00","26,58M","-1,58%"
"06.08.2021","68,61","70,24","70,45","68,50","21,76M","-2,31%"
"05.08.2021","70,24","69,98","70,29","69,75","12,12M","0,36%"
"04.08.2021","69,98","69,23","70,10","69,14","21,36M","1,19%"
"03.08.2021","69,15","69,25","69,49","68,78","13,81M","0,01%"
"02.08.2021","69,14","68,92","69,39","68,55","18,09M","0,51%"
"30.07.2021","68,79","69,25","69,25","68,13","22,75M","-0,80%"
"29.07.2021","69,35","68,85","69,70","68,70","19,10M","0,73%"
"28.07.2021","68,85","68,61","69,79","68,27","56,06M","0,64%"
"27.07.2021","68,41","67,00","68,59","67,00","50,55M","1,84%"
"26.07.2021","67,18","66,20","67,28","65,77","37,83M","0,86%"
"23.07.2021","66,60","65,53","66,60","65,50","45,45M","1,99%"
"22.07.2021","65,30","64,52","65,89","64,42","57,98M","1,95%"
"21.07.2021","64,05","63,20","64,39","63,17","40,27M","1,64%"
"20.07.2021","63,01","62,49","63,36","61,72","44,74M","1,65%"
"19.07.2021","61,99","61,99","62,42","60,18","40,69M","-0,02%"
"16.07.2021","62,00","63,00","63,80","61,81","28,76M","-1,34%"
"15.07.2021","62,84","62,06","63,18","61,56","17,84M","1,22%"
"14.07.2021","62,08","63,04","63,90","61,83","36,78M","-1,27%"
"13.07.2021","62,88","61,10","62,97","60,91","35,50M","2,91%"
"12.07.2021","61,10","61,24","61,24","60,00","13,48M","0,49%"
"09.07.2021","60,80","58,70","61,08","58,56","36,31M","4,11%"
"08.07.2021","58,40","58,96","59,65","58,09","16,67M","-0,96%"
"07.07.2021","58,97","57,81","59,05","57,42","29,05M","2,41%"
"06.07.2021","57,58","59,00","59,27","57,30","35,08M","-2,53%"
"05.07.2021","59,08","59,71","59,90","58,92","14,17M","-1,12%"
"02.07.2021","59,74","60,00","60,24","59,34","14,12M","-0,38%"
"01.07.2021","59,97","60,60","61,19","59,72","27,41M","-1,02%"
"30.06.2021","60,58","58,92","60,76","58,53","30,33M","2,88%"
"29.06.2021","58,89","60,19","60,19","58,51","23,32M","-2,17%"
"28.06.2021","60,19","59,92","60,59","59,53","31,57M","0,43%"
"25.06.2021","59,94","61,17","61,17","59,14","59,15M","-1,99%"
"24.06.2021","61,16","63,79","64,36","59,75","77,86M","-3,72%"
"23.06.2021","63,52","62,84","64,12","62,84","31,27M","0,98%"
"22.06.2021","62,90","63,87","64,00","62,32","16,61M","-1,27%"
"21.06.2021","63,72","63,01","64,04","61,81","34,14M","0,70%"
"18.06.2021","63,28","63,53","63,94","61,67","62,86M","-0,41%"
"17.06.2021","63,53","64,44","64,63","63,15","30,33M","-1,50%"
"16.06.2021","64,50","64,57","65,32","64,17","51,37M","-3,72%"
"15.06.2021","67,00","67,65","68,19","66,44","41,43M","-0,89%"
"14.06.2021","67,60","68,13","68,75","67,06","27,39M","-0,62%"
"11.06.2021","68,02","67,68","68,59","66,40","49,91M","0,77%"
"10.06.2021","67,50","66,00","67,50","65,78","47,71M","2,66%"
"09.06.2021","65,75","64,47","65,86","63,78","33,29M","1,85%"
"08.06.2021","64,56","64,90","65,61","64,20","21,84M","-0,22%"
"07.06.2021","64,70","64,44","64,89","63,56","20,54M","0,40%"
"04.06.2021","64,44","64,98","64,99","63,60","21,84M","-0,83%"
"03.06.2021","64,98","65,85","65,97","64,41","20,24M","-1,13%"
"02.06.2021","65,72","64,14","65,73","64,01","36,33M","2,67%"
"01.06.2021","64,01","63,29","64,10","62,76","27,46M","1,33%"
"31.05.2021","63,17","62,54","63,20","61,82","21,85M","0,21%"
"28.05.2021","63,03","63,58","63,60","62,46","23,50M","-0,70%"
"27.05.2021","63,48","64,15","64,35","63,00","24,52M","-1,66%"
"26.05.2021","64,55","65,39","66,05","63,46","42,96M","-1,17%"
"25.05.2021","65,32","65,24","65,58","64,90","11,59M","0,15%"
"24.05.2021","65,22","65,50","65,71","64,61","21,21M","-0,58%"
"21.05.2021","65,60","65,45","66,29","64,93","44,35M","0,31%"
"20.05.2021","65,40","62,47","65,65","62,46","46,07M","3,95%"
"19.05.2021","62,92","63,81","64,09","62,10","36,78M","-1,85%"
"18.05.2021","64,10","63,28","65,13","62,71","35,06M","1,30%"
"17.05.2021","63,28","63,97","63,97","62,55","13,36M","-0,66%"
"14.05.2021","63,70","63,50","63,90","62,30","18,70M","0,58%"
"13.05.2021","63,33","63,28","63,51","61,60","33,54M","0,01%"
"12.05.2021","63,33","63,80","64,22","63,33","16,21M","-0,79%"
"11.05.2021","63,83","64,00","64,60","63,00","27,56M","-1,00%"
"10.05.2021","64,47","65,50","65,87","64,05","38,78M","-1,50%"
"07.05.2021","65,46","65,18","65,75","64,81","29,07M","0,62%"
"06.05.2021","65,05","65,58","65,94","64,13","35,87M","-0,82%"
"05.05.2021","65,58","65,13","65,79","64,08","34,66M","0,47%"
"04.05.2021","65,28","65,19","66,09","64,50","36,52M","0,02%"
"30.04.2021","65,26","66,47","66,93","64,84","28,13M","-2,31%"
"29.04.2021","66,81","66,94","67,75","65,93","38,40M","0,21%"
"28.04.2021","66,67","65,30","67,00","65,26","91,10M","1,55%"
"27.04.2021","65,65","69,35","69,36","64,64","159,75M","-5,18%"
"26.04.2021","69,24","70,51","71,88","68,32","40,91M","-1,54%"
"23.04.2021","70,32","69,67","70,47","68,50","25,00M","1,93%"
"22.04.2021","68,99","68,47","70,14","67,56","41,09M","0,88%"
"21.04.2021","68,39","67,17","68,74","66,72","64,17M","1,44%"
"20.04.2021","67,42","68,78","69,79","66,82","40,94M","-1,84%"
"19.04.2021","68,68","69,15","71,38","67,27","98,77M","-0,21%"
"16.04.2021","68,82","65,79","68,91","65,42","41,64M","5,08%"
"15.04.2021","65,50","64,40","65,79","64,04","15,70M","1,24%"
"14.04.2021","64,69","65,50","65,79","63,66","33,20M","-0,90%"
"13.04.2021","65,28","65,04","66,50","64,50","44,87M","0,75%"
"12.04.2021","64,79","61,95","65,00","61,60","37,27M","4,53%"
"09.04.2021","61,99","62,01","62,40","61,18","29,54M","-0,30%"
"08.04.2021","62,17","61,90","62,96","61,27","36,32M","0,61%"
"07.04.2021","61,79","60,00","61,85","58,94","58,90M","2,37%"
"06.04.2021","60,37","60,17","60,95","59,44","29,92M","0,46%"
"05.04.2021","60,09","59,50","60,42","58,38","25,36M","0,75%"
"02.04.2021","59,65","59,60","60,36","59,38","12,61M","-0,10%"
"01.04.2021","59,71","61,30","61,55","59,12","39,57M","-1,94%"
"31.03.2021","60,88","58,70","61,99","58,49","65,85M","4,15%"
"30.03.2021","58,46","57,51","58,78","57,50","39,96M","1,47%"
"29.03.2021","57,62","55,99","58,13","55,67","54,46M","2,81%"
"26.03.2021","56,04","54,00","56,21","54,00","42,65M","4,15%"
"25.03.2021","53,81","53,60","54,43","53,38","21,80M","0,62%"
"24.03.2021","53,47","53,08","53,95","52,80","16,47M","0,93%"
"23.03.2021","52,98","53,65","53,74","52,90","11,28M","-1,49%"
"22.03.2021","53,78","54,54","54,60","53,33","23,34M","-1,14%"
"19.03.2021","54,40","53,94","54,70","53,50","23,77M","1,47%"
"18.03.2021","53,61","54,25","55,10","53,17","33,98M","-1,42%"
"17.03.2021","54,38","55,22","55,43","53,60","28,04M","-1,66%"
"16.03.2021","55,30","55,79","55,79","54,72","19,94M","-0,90%"
"15.03.2021","55,80","55,95","56,40","55,16","26,17M","0,19%"
"12.03.2021","55,69","55,29","56,09","54,53","27,40M","1,27%"
"11.03.2021","54,99","53,92","55,20","53,60","32,44M","2,58%"
"10.03.2021","53,61","53,26","53,94","52,77","17,20M","0,39%"
"09.03.2021","53,40","54,74","55,30","52,60","32,25M","-2,31%"
"05.03.2021","54,66","54,51","54,69","53,45","27,16M","0,48%"
"04.03.2021","54,40","56,20","56,42","54,10","32,05M","-3,10%"
"03.03.2021","56,14","55,11","56,66","55,03","41,93M","2,14%"
"02.03.2021","54,97","55,00","55,40","54,37","25,62M","-0,25%"
"01.03.2021","55,10","54,50","55,19","53,70","29,60M","1,65%"
"26.02.2021","54,21","52,55","54,80","52,04","57,75M","2,10%"
"25.02.2021","53,09","52,51","54,22","51,54","57,31M","1,05%"
"24.02.2021","52,54","52,92","52,92","51,80","31,75M","-1,04%"
"22.02.2021","53,09","52,44","53,66","51,68","26,90M","1,51%"
"20.02.2021","52,30","52,00","52,70","51,69","9,04M","1,10%"
"19.02.2021","51,73","50,90","52,10","49,90","27,75M","1,25%"
"18.02.2021","51,09","52,17","52,17","50,71","14,07M","-2,02%"
"17.02.2021","52,15","52,50","53,29","51,50","30,92M","-0,52%"
"16.02.2021","52,42","52,00","52,95","51,50","20,77M","1,15%"
"15.02.2021","51,82","52,22","53,13","51,29","21,11M","-0,52%"
"12.02.2021","52,09","51,49","52,10","49,14","38,00M","1,24%"
"11.02.2021","51,45","51,83","51,87","51,26","17,05M","-0,69%"
"10.02.2021","51,81","51,86","51,99","51,46","15,02M","-0,06%"
"09.02.2021","51,83","52,35","52,38","51,33","25,15M","-0,80%"
"08.02.2021","52,26","52,28","52,53","51,36","28,33M","0,22%"
"05.02.2021","52,14","53,18","53,18","51,45","32,14M","-1,76%"
"04.02.2021","53,08","53,49","53,65","52,71","22,67M","-0,75%"
"03.02.2021","53,47","53,00","53,55","52,90","16,96M","0,89%"
"02.02.2021","53,01","53,70","54,12","52,89","36,99M","-1,09%"
"01.02.2021","53,59","52,15","53,73","52,00","49,65M","3,27%"
"29.01.2021","51,90","51,77","52,19","50,88","50,34M","-0,50%"
"28.01.2021","52,15","52,87","52,98","51,58","49,97M","-1,66%"
"27.01.2021","53,03","54,58","54,71","52,83","41,00M","-2,53%"
"26.01.2021","54,41","54,26","54,70","53,67","25,23M","-0,78%"
"25.01.2021","54,83","55,28","55,91","53,81","30,16M","-0,79%"
"22.01.2021","55,27","55,79","56,00","53,83","48,17M","-1,05%"
"21.01.2021","55,85","57,19","57,24","55,15","49,84M","-2,12%"
"20.01.2021","57,06","57,50","57,69","56,78","20,40M","-0,45%"
"19.01.2021","57,33","57,01","57,50","56,85","26,92M","0,82%"
"18.01.2021","56,86","56,13","57,50","55,57","32,98M","1,08%"
"15.01.2021","56,25","57,12","57,75","56,06","42,94M","-1,22%"
"14.01.2021","56,94","54,59","57,22","53,90","89,44M","4,10%"
"13.01.2021","54,70","55,50","55,80","53,82","77,33M","-5,38%"
"12.01.2021","57,81","57,78","58,21","57,42","48,47M","-0,18%"
"11.01.2021","57,92","57,70","58,35","57,11","39,09M","0,39%"
"08.01.2021","57,69","56,85","57,70","56,81","34,47M","1,64%"
"06.01.2021","56,76","57,00","57,20","56,40","19,28M","-0,42%"
"05.01.2021","57,00","57,15","57,28","56,35","25,54M","0,12%"
"04.01.2021","56,93","56,00","57,20","56,00","29,12M","1,96%"
"30.12.2020","55,83","57,12","57,66","55,23","47,33M","-1,91%"
"29.12.2020","56,92","58,29","58,76","55,02","73,76M","-2,58%"
"28.12.2020","58,43","58,01","59,09","56,58","49,01M","0,84%"
"25.12.2020","57,94","56,31","57,99","56,31","32,70M","2,90%"
"24.12.2020","56,31","54,80","56,90","54,76","46,45M","2,90%"
"23.12.2020","54,72","53,50","54,75","53,17","33,50M","2,34%"
"22.12.2020","53,47","51,49","53,75","51,26","42,47M","2,88%"
"21.12.2020","51,98","52,20","52,39","50,22","41,04M","-0,99%"
"18.12.2020","52,50","52,80","53,19","51,43","29,40M","-0,96%"
"17.12.2020","53,01","53,20","53,77","52,62","47,81M","0,40%"
"16.12.2020","52,80","51,90","53,40","50,87","60,54M","1,66%"
"15.12.2020","51,94","50,70","52,36","50,63","48,12M","1,94%"
"14.12.2020","50,95","48,86","51,88","48,72","54,15M","4,34%"
"11.12.2020","48,83","48,42","49,28","48,26","21,41M","1,35%"
"10.12.2020","48,18","47,06","48,93","47,01","49,45M","2,51%"
"09.12.2020","47,00","47,31","47,92","46,88","36,43M","-0,88%"
"08.12.2020","47,42","47,52","49,62","46,10","98,76M","-0,17%"
"07.12.2020","47,49","44,81","47,80","44,69","74,21M","5,92%"
"04.12.2020","44,84","44,60","45,24","44,21","37,41M","1,00%"
"03.12.2020","44,40","45,40","45,49","43,90","48,24M","-1,98%"
"02.12.2020","45,29","43,58","45,42","43,50","64,13M","3,88%"
"01.12.2020","43,60","43,50","43,99","42,51","75,49M","0,28%"
"30.11.2020","43,48","42,69","44,07","41,07","287,90M","1,47%"
"27.11.2020","42,85","42,81","43,15","42,13","35,49M","0,41%"
"26.11.2020","42,67","42,69","43,04","42,25","20,04M","0,36%"
"25.11.2020","42,52","42,10","42,62","41,83","21,57M","0,95%"
"24.11.2020","42,12","41,92","42,28","41,80","16,93M","0,48%"
"23.11.2020","41,92","41,82","42,42","41,47","17,41M","0,34%"
"20.11.2020","41,78","41,83","42,08","41,49","14,76M","-0,70%"
"19.11.2020","42,08","41,79","42,76","41,58","26,26M","0,53%"
"18.11.2020","41,85","42,50","42,99","41,67","29,44M","-1,66%"
"17.11.2020","42,56","43,00","43,46","42,10","34,12M","-1,02%"
"16.11.2020","43,00","41,98","43,08","41,70","37,83M","3,22%"
"13.11.2020","41,66","40,85","41,91","40,68","22,42M","1,98%"
"12.11.2020","40,85","41,07","42,10","40,10","54,86M","-0,54%"
"11.11.2020","41,07","38,58","41,70","38,13","110,07M","4,90%"
"10.11.2020","39,15","39,20","39,79","38,90","38,30M","-0,10%"
"09.11.2020","39,19","39,24","39,53","38,26","57,69M","0,38%"
"06.11.2020","39,04","38,78","39,13","38,31","34,66M","0,62%"
"05.11.2020","38,80","39,06","39,71","38,20","44,26M","0,26%"
"03.11.2020","38,70","37,80","39,00","37,80","41,70M","2,38%"
"02.11.2020","37,80","37,19","38,27","36,90","29,44M","1,64%"
"30.10.2020","37,19","36,14","37,66","35,69","35,08M","2,10%"
"29.10.2020","36,42","35,92","36,63","35,56","26,60M","2,55%"
"28.10.2020","35,52","35,88","36,08","35,30","27,08M","-1,20%"
"27.10.2020","35,95","36,83","36,92","35,73","26,06M","-2,14%"
"26.10.2020","36,74","37,07","37,31","36,51","18,79M","-1,44%"
"23.10.2020","37,27","37,22","37,53","37,18","22,31M","-0,77%"
"22.10.2020","37,56","36,38","37,60","36,27","46,36M","3,49%"
"21.10.2020","36,29","35,65","36,42","35,65","21,86M","1,95%"
"20.10.2020","35,60","34,94","35,63","34,83","15,03M","2,09%"
"19.10.2020","34,87","35,13","35,25","34,60","12,65M","-0,16%"
"16.10.2020","34,92","34,88","35,44","34,53","18,66M","0,23%"
"15.10.2020","34,85","35,50","35,65","34,58","25,42M","-1,86%"
"14.10.2020","35,51","35,12","35,56","35,12","15,81M","0,72%"
"13.10.2020","35,25","36,07","36,35","35,05","25,25M","-2,31%"
"12.10.2020","36,08","35,94","36,25","35,66","21,85M","0,63%"
"09.10.2020","35,86","36,70","36,70","35,63","31,43M","-2,02%"
"08.10.2020","36,60","36,89","36,94","36,38","18,64M","-0,53%"
"07.10.2020","36,79","37,28","37,31","36,42","20,29M","-0,86%"
"06.10.2020","37,12","37,66","38,05","37,08","25,04M","-1,33%"
"05.10.2020","37,62","38,30","38,35","37,28","30,50M","-1,79%"
"02.10.2020","38,30","38,15","38,47","37,63","10,11M","0,39%"
"01.10.2020","38,15","38,83","38,98","38,13","11,46M","-1,24%"
"30.09.2020","38,63","38,76","39,15","38,49","13,60M","-1,35%"
"29.09.2020","39,16","38,91","39,35","38,21","15,17M","0,54%"
"28.09.2020","38,95","38,38","39,24","38,31","13,30M","1,43%"
"25.09.2020","38,40","38,01","38,77","37,83","18,09M","0,87%"
"24.09.2020","38,07","39,47","39,47","37,60","27,60M","-3,04%"
"23.09.2020","39,26","38,90","40,04","38,63","32,96M","0,90%"
"22.09.2020","38,92","38,74","39,15","38,06","32,82M","-1,51%"
"21.09.2020","39,51","39,61","39,90","39,04","20,40M","-0,25%"
"18.09.2020","39,61","39,33","39,97","38,97","26,10M","0,66%"
"17.09.2020","39,35","38,56","39,65","38,24","22,38M","2,17%"
"16.09.2020","38,51","39,19","39,24","38,35","15,70M","-1,55%"
"15.09.2020","39,12","38,70","39,35","38,51","21,90M","1,27%"
"14.09.2020","38,63","37,22","38,69","37,22","24,33M","3,18%"
"11.09.2020","37,44","37,10","37,65","36,89","24,73M","1,24%"
"10.09.2020","36,98","37,51","37,56","36,53","20,15M","-1,33%"
"09.09.2020","37,48","36,35","37,52","36,21","22,08M","3,09%"
"08.09.2020","36,35","36,99","37,18","36,15","27,86M","-1,56%"
"07.09.2020","36,93","37,01","37,42","36,66","15,92M","-0,71%"
"04.09.2020","37,19","36,90","37,44","36,90","13,61M","0,61%"
"03.09.2020","36,97","37,65","37,74","36,85","20,01M","-1,88%"
"02.09.2020","37,68","38,30","38,38","37,33","25,19M","-1,70%"
"01.09.2020","38,33","37,99","38,34","37,65","12,00M","1,27%"
"31.08.2020","37,85","38,65","38,85","37,55","24,17M","-1,94%"
"28.08.2020","38,60","38,90","38,90","38,33","10,46M","-0,58%"
"27.08.2020","38,83","39,55","39,67","38,58","12,90M","-1,92%"
"26.08.2020","39,58","39,51","39,79","39,44","7,07M","-0,11%"
"25.08.2020","39,63","39,74","39,95","39,39","9,41M","-0,38%"
"24.08.2020","39,78","39,86","40,04","39,59","5,15M","0,29%"
"21.08.2020","39,67","40,02","40,19","39,31","9,75M","-0,56%"
"20.08.2020","39,89","40,30","40,35","39,70","10,98M","-1,18%"
"19.08.2020","40,37","39,51","40,79","39,42","24,86M","2,18%"
"18.08.2020","39,51","40,00","40,02","39,40","11,79M","-1,24%"
"17.08.2020","40,00","40,00","40,17","39,65","9,22M","0,21%"
"14.08.2020","39,92","40,21","40,21","39,60","17,91M","-0,47%"
"13.08.2020","40,10","40,17","40,38","39,68","21,28M","0,05%"
"12.08.2020","40,08","39,40","40,99","39,19","20,89M","1,76%"
"11.08.2020","39,39","39,65","39,65","39,34","14,24M","-0,37%"
"10.08.2020","39,53","39,63","39,74","39,30","7,60M","-0,20%"
"07.08.2020","39,62","40,00","40,08","39,25","6,85M","-0,97%"
"06.08.2020","40,01","40,18","40,46","39,65","16,60M","-0,42%"
"05.08.2020","40,17","40,31","40,38","39,96","14,01M","0,20%"
"04.08.2020","40,10","39,90","40,31","39,55","16,28M","0,84%"
"03.08.2020","39,76","39,85","40,10","39,50","9,18M","-0,50%"
"31.07.2020","39,96","39,28","39,96","38,77","21,19M","1,72%"
"30.07.2020","39,28","39,90","39,94","38,64","18,77M","-1,54%"
"29.07.2020","39,90","40,25","40,25","39,31","19,64M","-1,23%"
"28.07.2020","40,40","39,21","40,44","39,21","22,47M","3,25%"
"27.07.2020","39,13","39,30","39,83","39,06","21,37M","-0,09%"
"24.07.2020","39,16","38,50","39,16","38,22","13,89M","0,93%"
"23.07.2020","38,80","38,80","39,13","38,60","7,72M","0,03%"
"22.07.2020","38,79","39,24","39,24","38,40","15,61M","-0,94%"
"21.07.2020","39,16","38,47","39,30","38,41","17,96M","2,25%"
"20.07.2020","38,30","38,20","38,40","37,77","9,87M","0,52%"
"17.07.2020","38,10","38,49","38,63","37,92","9,64M","-0,59%"
"16.07.2020","38,33","38,71","39,17","38,28","15,65M","-1,73%"
"15.07.2020","39,00","38,69","39,06","38,40","15,06M","1,11%"
"14.07.2020","38,57","37,75","38,57","37,31","15,50M","2,39%"
"13.07.2020","37,67","38,65","38,93","37,67","16,17M","-2,51%"
"10.07.2020","38,64","38,51","38,67","38,31","5,75M","-0,09%"
"09.07.2020","38,67","38,56","38,76","38,26","11,59M","0,95%"
"08.07.2020","38,31","38,14","38,60","38,07","9,10M","0,45%"
"07.07.2020","38,14","38,69","38,94","37,92","20,37M","-1,09%"
"06.07.2020","38,56","38,01","38,96","38,01","16,57M","1,61%"
"03.07.2020","37,95","37,82","38,26","37,63","13,65M","0,92%"
"02.07.2020","37,60","37,16","37,80","37,16","17,88M","1,68%"
"30.06.2020","36,99","37,35","37,81","36,99","21,20M","-0,58%"
"29.06.2020","37,20","37,48","37,85","37,16","12,01M","-1,35%"
"26.06.2020","37,71","37,99","38,10","37,33","16,23M","0,00%"
"25.06.2020","37,71","38,71","38,71","37,57","31,40M","-3,33%"
"23.06.2020","39,01","39,57","39,72","38,92","10,59M","-0,93%"
"22.06.2020","39,38","39,65","39,65","38,90","11,42M","-1,14%"
"19.06.2020","39,83","40,00","40,12","39,75","21,80M","0,58%"
"18.06.2020","39,60","39,31","39,84","39,13","11,11M","0,72%"
"17.06.2020","39,31","39,89","40,44","39,31","10,29M","-1,52%"
"16.06.2020","39,92","39,15","41,02","39,05","21,48M","-1,55%"
"15.06.2020","40,55","40,80","40,80","39,96","19,11M","-1,29%"
"11.06.2020","41,08","42,50","42,50","40,91","13,79M","-3,97%"
"10.06.2020","42,78","42,42","43,83","42,12","15,22M","0,34%"
"09.06.2020","42,63","42,76","42,95","41,56","14,58M","-0,83%"
"08.06.2020","42,99","42,75","43,20","42,23","8,22M","1,14%"
"05.06.2020","42,51","42,63","42,99","42,27","4,93M","-0,04%"
"04.06.2020","42,52","42,60","43,13","41,81","12,69M","-0,15%"
"03.06.2020","42,58","41,80","43,25","41,60","15,83M","2,37%"
"02.06.2020","41,60","41,01","41,78","40,95","10,10M","1,46%"
"01.06.2020","41,00","40,78","41,15","40,16","10,85M","1,38%"
"29.05.2020","40,44","41,52","41,59","39,94","38,28M","-3,32%"
"28.05.2020","41,83","39,38","41,88","39,37","28,37M","5,39%"
"27.05.2020","39,69","39,40","39,95","38,50","12,38M","0,63%"
"26.05.2020","39,44","39,66","39,88","39,30","12,08M","0,43%"
"25.05.2020","39,27","38,19","39,80","38,19","10,19M","2,91%"
"22.05.2020","38,16","37,80","38,44","37,62","6,52M","0,16%"
"21.05.2020","38,10","38,60","39,03","37,87","10,45M","-1,35%"
"20.05.2020","38,62","37,50","38,62","37,40","15,12M","2,30%"
"19.05.2020","37,75","38,00","38,17","37,23","9,80M","-0,24%"
"18.05.2020","37,84","37,40","37,85","37,28","12,83M","2,24%"
"15.05.2020","37,01","37,34","37,76","36,89","9,48M","-0,30%"
"14.05.2020","37,12","37,17","37,33","36,72","11,64M","-1,01%"
"13.05.2020","37,50","37,68","37,77","37,09","12,92M","-1,19%"
"12.05.2020","37,95","38,16","38,26","37,35","14,71M","-0,39%"
"08.05.2020","38,10","38,62","38,75","37,85","13,94M","-1,04%"
"07.05.2020","38,50","39,20","39,63","38,45","17,48M","-1,61%"
"06.05.2020","39,13","39,68","40,05","39,12","9,24M","-0,94%"
"05.05.2020","39,50","39,70","40,00","39,26","8,43M","-0,03%"
"04.05.2020","39,51","39,89","39,98","39,02","12,35M","-1,86%"
"30.04.2020","40,26","40,40","41,06","39,86","23,00M","-0,22%"
"29.04.2020","40,35","41,98","41,98","40,12","25,12M","-3,17%"
"28.04.2020","41,67","40,60","41,95","40,09","20,11M","2,38%"
"27.04.2020","40,70","39,25","40,88","39,21","11,10M","4,04%"
"24.04.2020","39,12","39,96","40,20","39,09","9,84M","-2,22%"
"23.04.2020","40,01","40,23","40,42","39,63","11,26M","0,53%"
"22.04.2020","39,80","39,00","40,35","38,93","10,58M","1,74%"
"21.04.2020","39,12","38,90","39,40","38,26","15,44M","-0,51%"
"20.04.2020","39,32","38,80","39,65","38,35","9,66M","1,52%"
"17.04.2020","38,73","39,26","39,45","38,47","9,22M","-0,13%"
"16.04.2020","38,78","38,22","39,74","37,81","18,41M","2,24%"
"15.04.2020","37,93","39,74","39,83","37,85","11,32M","-4,79%"
"14.04.2020","39,84","39,30","40,15","39,27","9,08M","1,27%"
"13.04.2020","39,34","40,00","40,00","38,86","5,21M","-1,28%"
"10.04.2020","39,85","39,78","39,97","39,45","3,86M","-0,82%"
"09.04.2020","40,18","40,15","40,19","39,32","14,63M","0,58%"
"08.04.2020","39,95","38,90","39,95","38,65","11,64M","2,36%"
"07.04.2020","39,03","40,00","40,57","38,85","16,06M","-2,13%"
"06.04.2020","39,88","38,07","40,26","38,01","19,34M","5,17%"
"03.04.2020","37,92","37,91","38,42","37,46","22,15M","-0,47%"
"02.04.2020","38,10","38,88","39,58","37,25","23,66M","-0,99%"
"01.04.2020","38,48","37,73","38,48","37,40","21,16M","-0,05%"
"31.03.2020","38,50","36,48","38,50","36,39","24,59M","6,56%"
"30.03.2020","36,13","35,20","36,58","35,05","17,23M","1,06%"
"27.03.2020","35,75","36,90","36,97","35,22","15,90M","-2,77%"
"26.03.2020","36,77","35,62","37,06","34,73","27,60M","2,42%"
"25.03.2020","35,90","35,11","36,98","34,30","25,22M","4,97%"
"24.03.2020","34,20","34,17","35,35","34,05","22,36M","3,07%"
"23.03.2020","33,18","33,08","34,42","32,55","14,91M","-2,27%"
"20.03.2020","33,95","34,07","35,30","33,70","22,77M","0,74%"
"19.03.2020","33,70","32,00","34,00","31,23","21,18M","5,31%"
"18.03.2020","32,00","34,00","34,00","32,00","23,51M","-6,57%"
"17.03.2020","34,25","34,52","35,85","32,66","23,29M","-3,25%"
"16.03.2020","35,40","35,60","35,65","31,74","38,20M","1,26%"
"13.03.2020","34,96","35,20","36,90","34,96","26,05M","-0,11%"
"12.03.2020","35,00","37,97","37,97","35,00","30,46M","-9,07%"
"11.03.2020","38,49","39,24","39,49","38,05","13,77M","0,29%"
"10.03.2020","38,38","35,09","40,70","35,09","31,56M","-0,08%"
"06.03.2020","38,41","38,50","39,09","37,62","17,66M","-2,19%"
"05.03.2020","39,27","39,97","40,27","38,95","19,56M","-0,73%"
"04.03.2020","39,56","38,57","39,95","38,52","13,00M","1,59%"
"03.03.2020","38,94","39,70","40,15","38,53","17,16M","-0,26%"
"02.03.2020","39,04","41,49","41,49","38,05","29,64M","-2,35%"
"28.02.2020","39,98","42,01","42,37","39,16","39,31M","-7,02%"
"27.02.2020","43,00","44,02","44,54","42,67","19,00M","-2,93%"
"26.02.2020","44,30","44,12","44,76","43,26","19,57M","0,45%"
"25.02.2020","44,10","44,40","45,30","43,91","19,84M","-1,78%"
"21.02.2020","44,90","44,90","45,10","44,76","6,17M","-0,33%"
"20.02.2020","45,05","45,05","45,56","44,87","13,17M","0,45%"
"19.02.2020","44,85","45,00","45,43","44,74","7,76M","-0,04%"
"18.02.2020","44,87","45,45","45,45","44,59","10,20M","-1,21%"
"17.02.2020","45,42","45,70","45,85","45,20","7,28M","-0,61%"
"14.02.2020","45,70","45,49","45,77","45,15","9,86M","0,66%"
"13.02.2020","45,40","45,34","45,98","45,19","8,98M","-0,66%"
"12.02.2020","45,70","45,55","46,15","45,22","25,49M","0,55%"
"11.02.2020","45,45","44,56","45,65","44,51","20,86M","2,39%"
"10.02.2020","44,39","45,09","45,09","44,12","16,75M","-1,64%"
"07.02.2020","45,13","45,11","45,35","44,90","13,25M","-0,22%"
"06.02.2020","45,23","46,40","46,48","45,00","17,82M","-2,10%"
"05.02.2020","46,20","46,50","46,87","45,56","34,73M","0,33%"
"04.02.2020","46,05","45,45","46,66","44,95","32,69M","1,99%"
"03.02.2020","45,15","44,20","45,35","43,65","21,12M","0,53%"
"31.01.2020","44,91","45,80","45,80","44,74","15,20M","-0,88%"
"30.01.2020","45,31","45,05","45,80","44,77","8,03M","-0,26%"
"29.01.2020","45,43","45,55","45,85","45,21","8,50M","0,24%"
"28.01.2020","45,32","44,34","45,59","44,34","10,71M","2,30%"
"27.01.2020","44,30","44,99","45,00","44,11","16,07M","-2,32%"
"24.01.2020","45,35","45,51","46,09","45,08","8,06M","0,11%"
"23.01.2020","45,30","44,53","45,90","44,05","15,97M","1,30%"
"22.01.2020","44,72","46,06","46,72","44,50","18,21M","-3,20%"
"21.01.2020","46,20","47,30","47,38","45,80","19,38M","-2,80%"
"20.01.2020","47,53","47,12","48,92","46,90","21,90M","0,93%"
"17.01.2020","47,09","45,10","47,48","44,96","26,71M","4,41%"
"16.01.2020","45,10","44,51","45,10","44,22","16,24M","1,58%"
"15.01.2020","44,40","44,28","44,72","43,51","21,09M","0,27%"
"14.01.2020","44,28","43,33","44,40","43,29","34,20M","-0,74%"
"13.01.2020","44,61","43,62","44,61","43,50","30,40M","2,93%"
"10.01.2020","43,34","42,76","43,50","42,74","15,26M","1,38%"
"09.01.2020","42,75","42,41","42,91","42,33","14,13M","1,11%"
"08.01.2020","42,28","42,15","42,53","41,91","9,92M","-0,05%"
"06.01.2020","42,30","42,41","42,47","41,83","6,51M","-0,59%"
"03.01.2020","42,55","42,48","42,80","42,17","7,27M","1,43%"
"30.12.2019","41,95","42,20","42,57","41,91","8,12M","-0,40%"
"27.12.2019","42,12","41,45","42,28","41,45","7,52M","1,71%"
"26.12.2019","41,41","41,10","41,50","41,00","4,17M","0,63%"
"25.12.2019","41,15","41,14","41,20","41,00","2,56M","0,22%"
"24.12.2019","41,06","41,12","41,20","41,02","2,71M","-0,15%"
"23.12.2019","41,12","40,80","41,19","40,80","8,50M","0,78%"
"20.12.2019","40,80","41,25","41,25","40,73","8,10M","-0,54%"
"19.12.2019","41,02","41,03","41,30","40,80","9,76M","0,00%"
"18.12.2019","41,02","41,60","41,65","40,81","21,00M","-1,44%"
"17.12.2019","41,62","41,51","41,69","41,10","12,20M","0,26%"
"16.12.2019","41,51","41,57","41,90","41,01","12,79M","-0,22%"
"13.12.2019","41,60","40,67","41,60","40,66","19,28M","2,46%"
"12.12.2019","40,60","39,95","40,84","39,95","17,15M","2,06%"
"11.12.2019","39,78","39,15","40,06","38,88","24,41M","1,84%"
"10.12.2019","39,06","39,16","39,28","38,69","11,84M","-0,48%"
"09.12.2019","39,25","39,15","39,35","38,92","7,68M","0,49%"
"06.12.2019","39,06","38,67","39,10","38,66","10,32M","0,77%"
"05.12.2019","38,76","38,12","38,90","37,87","14,21M","1,73%"
"04.12.2019","38,10","38,20","38,51","37,80","12,97M","-0,16%"
"03.12.2019","38,16","39,40","39,42","38,16","16,02M","-3,25%"
"02.12.2019","39,44","39,09","39,44","38,95","9,16M","1,18%"
"29.11.2019","38,98","38,97","39,02","38,68","12,09M","-0,15%"
"28.11.2019","39,04","38,78","39,05","38,52","8,35M","1,06%"
"27.11.2019","38,63","38,64","38,79","38,26","8,15M","-0,05%"
"26.11.2019","38,65","38,90","39,09","38,47","17,65M","-0,59%"
"25.11.2019","38,88","38,44","38,97","38,27","8,99M","1,65%"
"22.11.2019","38,25","37,77","38,34","37,77","7,04M","0,98%"
"21.11.2019","37,88","38,12","38,32","37,83","7,27M","-1,23%"
"20.11.2019","38,35","38,28","38,45","37,91","9,49M","0,08%"
"19.11.2019","38,32","37,90","38,35","37,80","7,52M","1,00%"
"18.11.2019","37,94","38,01","38,25","37,55","10,55M","-0,11%"
"15.11.2019","37,98","37,21","37,98","36,86","10,91M","2,10%"
"14.11.2019","37,20","38,26","38,95","36,77","24,15M","-2,95%"
"13.11.2019","38,33","38,53","38,60","37,65","11,01M","-0,70%"
"12.11.2019","38,60","38,10","38,85","38,08","10,42M","1,31%"
"11.11.2019","38,10","38,50","38,89","37,90","10,57M","-1,27%"
"08.11.2019","38,59","39,20","39,25","38,45","9,87M","-1,66%"
"07.11.2019","39,24","38,50","39,66","38,14","18,24M","1,95%"
"06.11.2019","38,49","37,28","38,49","37,27","13,63M","3,25%"
"05.11.2019","37,28","37,10","37,52","36,98","8,47M","0,57%"
"01.11.2019","37,07","36,81","37,10","36,62","7,83M","1,48%"
"31.10.2019","36,53","37,25","38,02","36,50","26,46M","-1,00%"
"30.10.2019","36,90","37,20","37,32","36,58","10,48M","-1,07%"
"29.10.2019","37,30","36,20","37,30","36,06","11,04M","3,12%"
"28.10.2019","36,17","35,49","36,99","35,45","10,65M","1,74%"
"25.10.2019","35,55","36,12","36,20","35,19","11,96M","-1,80%"
"24.10.2019","36,20","36,30","36,45","36,01","9,08M","-0,28%"
"23.10.2019","36,30","36,66","36,94","36,05","11,21M","-1,41%"
"22.10.2019","36,82","36,05","36,84","35,94","9,89M","2,31%"
"21.10.2019","35,99","36,55","36,70","35,81","7,98M","-1,56%"
"18.10.2019","36,56","37,15","37,26","36,55","7,75M","-1,72%"
"17.10.2019","37,20","37,00","37,52","36,78","8,48M","0,59%"
"16.10.2019","36,98","36,30","37,17","36,30","10,46M","2,15%"
"15.10.2019","36,20","36,60","36,78","35,87","13,88M","-1,15%"
"14.10.2019","36,62","37,15","37,40","36,38","12,41M","-2,63%"
"11.10.2019","37,61","37,34","38,24","37,11","22,39M","0,86%"
"10.10.2019","37,29","36,72","37,30","36,45","11,25M","2,08%"
"09.10.2019","36,53","37,10","37,34","36,53","9,89M","-1,32%"
"08.10.2019","37,02","37,00","37,17","36,73","4,74M","0,05%"
"07.10.2019","37,00","37,11","37,49","36,67","7,61M","0,00%"
"04.10.2019","37,00","36,80","37,36","36,65","15,28M","0,54%"
"03.10.2019","36,80","37,65","37,84","36,26","22,27M","-2,39%"
"02.10.2019","37,70","38,81","38,88","37,63","9,61M","-2,58%"
"01.10.2019","38,70","39,10","39,34","38,62","8,23M","-1,17%"
"30.09.2019","39,16","39,30","39,42","38,87","6,63M","-0,10%"
"27.09.2019","39,20","39,45","39,74","39,20","4,60M","-0,78%"
"26.09.2019","39,51","39,40","39,95","39,19","7,16M","0,46%"
"25.09.2019","39,33","39,75","39,80","38,77","10,95M","-1,03%"
"24.09.2019","39,74","40,33","40,62","39,73","6,71M","-1,63%"
"23.09.2019","40,40","40,80","40,80","40,20","5,96M","-0,39%"
"20.09.2019","40,56","41,10","41,27","40,55","8,99M","-1,98%"
"19.09.2019","41,38","41,10","41,40","41,08","8,36M","0,58%"
"18.09.2019","41,14","41,56","41,56","41,10","6,55M","-0,51%"
"17.09.2019","41,35","41,40","41,53","41,15","5,43M","-0,51%"
"16.09.2019","41,56","41,39","41,56","40,95","7,86M","0,61%"
"13.09.2019","41,31","41,31","41,52","40,91","7,75M","-0,39%"
"12.09.2019","41,47","41,60","42,20","41,28","12,09M","-1,03%"
"11.09.2019","41,90","41,35","42,00","41,16","12,50M","1,09%"
"10.09.2019","41,45","41,14","41,45","40,91","8,25M","0,90%"
"09.09.2019","41,08","41,30","41,59","40,66","8,32M","-0,82%"
"06.09.2019","41,42","41,40","41,58","41,07","8,47M","-0,14%"
"05.09.2019","41,48","41,22","41,60","41,01","6,87M","1,00%"
"04.09.2019","41,07","41,00","41,63","40,43","13,65M","0,66%"
"03.09.2019","40,80","41,34","41,48","40,51","5,72M","-0,95%"
"02.09.2019","41,19","41,90","42,03","41,10","6,69M","-1,55%"
"30.08.2019","41,84","40,80","41,84","40,80","13,69M","2,73%"
"29.08.2019","40,73","40,49","41,20","40,36","11,27M","1,07%"
"28.08.2019","40,30","39,67","40,35","39,38","9,35M","1,59%"
"27.08.2019","39,67","38,96","39,75","38,96","13,58M","1,85%"
"26.08.2019","38,95","38,60","39,33","38,52","6,37M","0,13%"
"23.08.2019","38,90","38,97","39,00","38,40","6,21M","0,34%"
"22.08.2019","38,77","38,44","39,05","38,31","7,61M","0,86%"
"21.08.2019","38,44","38,34","38,80","38,01","8,75M","0,84%"
"20.08.2019","38,12","38,24","38,52","37,64","12,72M","-0,50%"
"19.08.2019","38,31","38,70","38,85","38,12","7,46M","-0,18%"
"16.08.2019","38,38","38,37","38,68","37,92","8,71M","0,42%"
"15.08.2019","38,22","39,44","39,55","38,14","9,82M","-3,19%"
"14.08.2019","39,48","38,95","39,73","38,30","20,02M","1,23%"
"13.08.2019","39,00","40,00","40,05","38,63","16,63M","-2,72%"
"12.08.2019","40,09","40,50","40,67","39,96","4,76M","-0,60%"
"09.08.2019","40,33","40,45","40,52","39,78","10,94M","0,32%"
"08.08.2019","40,20","39,92","40,66","39,92","7,27M","1,01%"
"07.08.2019","39,80","40,70","40,80","39,76","9,36M","-1,61%"
"06.08.2019","40,45","40,20","41,08","39,61","18,69M","1,00%"
"05.08.2019","40,05","40,34","40,63","39,31","16,81M","-0,72%"
"02.08.2019","40,34","41,85","42,47","40,34","24,75M","-4,63%"
"01.08.2019","42,30","42,72","42,92","41,90","15,37M","-1,35%"
"31.07.2019","42,88","43,12","43,14","42,72","10,92M","-0,56%"
"30.07.2019","43,12","43,52","43,52","43,05","5,24M","-0,53%"
"29.07.2019","43,35","43,52","43,80","43,20","6,82M","-0,37%"
"26.07.2019","43,51","43,91","44,00","43,51","7,30M","-1,11%"
"25.07.2019","44,00","44,14","44,28","43,88","5,22M","-0,34%"
"24.07.2019","44,15","44,61","44,63","43,91","3,66M","-0,96%"
"23.07.2019","44,58","45,00","45,00","44,30","3,60M","-0,40%"
"22.07.2019","44,76","44,50","44,95","44,17","3,59M","0,63%"
"19.07.2019","44,48","44,20","44,59","44,05","6,30M","0,98%"
"18.07.2019","44,05","44,11","44,34","43,72","4,76M","-0,14%"
"17.07.2019","44,11","43,77","44,30","43,65","6,01M","0,78%"
"16.07.2019","43,77","44,22","44,48","43,77","8,25M","-0,91%"
"15.07.2019","44,17","44,64","44,70","44,11","5,49M","-0,56%"
"12.07.2019","44,42","44,43","44,74","44,30","2,86M","-0,47%"
"11.07.2019","44,63","44,74","44,99","44,34","5,08M","-0,09%"
"10.07.2019","44,67","44,70","45,15","44,42","8,35M","0,38%"
"09.07.2019","44,50","44,74","44,74","44,30","5,90M","-0,58%"
"08.07.2019","44,76","44,50","44,76","44,22","7,53M","0,31%"
"05.07.2019","44,62","44,33","44,79","44,20","15,95M","1,23%"
"04.07.2019","44,08","45,05","45,12","43,79","19,89M","-2,17%"
"03.07.2019","45,06","44,99","45,10","44,85","3,29M","-0,22%"
"02.07.2019","45,16","45,41","45,41","44,95","4,78M","0,13%"
"01.07.2019","45,10","45,49","45,56","45,10","4,22M","0,27%"
"28.06.2019","44,98","45,10","45,41","44,67","6,30M","-0,44%"
"27.06.2019","45,18","45,67","45,97","45,09","4,51M","-0,88%"
"26.06.2019","45,58","45,75","46,13","45,56","7,86M","-0,35%"
"25.06.2019","45,74","45,26","45,75","44,99","6,01M","0,82%"
"24.06.2019","45,37","44,88","45,57","44,55","6,02M","1,54%"
"21.06.2019","44,68","45,10","45,13","44,44","7,20M","-0,89%"
"20.06.2019","45,08","46,50","46,55","44,79","11,87M","-2,84%"
"19.06.2019","46,40","45,62","46,45","45,41","12,42M","-1,28%"
"18.06.2019","47,00","45,90","47,02","45,70","11,08M","2,60%"
"17.06.2019","45,81","46,73","47,00","45,81","12,06M","-1,80%"
"14.06.2019","46,65","46,51","46,77","46,33","10,48M","0,11%"
"13.06.2019","46,60","45,75","46,60","45,75","12,46M","1,19%"
"11.06.2019","46,05","45,30","46,05","45,15","11,37M","1,34%"
"10.06.2019","45,44","44,39","45,44","44,25","8,78M","-0,35%"
"07.06.2019","45,60","45,18","45,60","45,10","8,86M","0,77%"
"06.06.2019","45,25","44,72","45,25","44,53","9,03M","1,34%"
"05.06.2019","44,65","44,65","44,77","44,42","5,83M","0,07%"
"04.06.2019","44,62","44,97","44,97","44,52","12,45M","-0,49%"
"03.06.2019","44,84","44,55","44,84","44,39","5,24M","0,40%"
"31.05.2019","44,66","44,60","44,66","44,24","7,20M","-0,02%"
"30.05.2019","44,67","44,80","45,11","44,41","7,47M","-0,38%"
"29.05.2019","44,84","44,62","44,94","44,42","6,34M","0,02%"
"28.05.2019","44,83","44,35","44,95","44,05","14,43M","1,38%"
"27.05.2019","44,22","44,00","44,38","43,94","3,52M","0,73%"
"24.05.2019","43,90","44,40","44,44","43,80","9,24M","-0,68%"
"23.05.2019","44,20","44,90","45,10","44,09","5,06M","-1,76%"
"22.05.2019","44,99","44,50","45,34","44,20","7,30M","1,67%"
"21.05.2019","44,25","44,20","44,85","43,85","5,69M","0,25%"
"20.05.2019","44,14","43,01","44,39","42,95","7,02M","2,84%"
"17.05.2019","42,92","43,42","43,66","42,75","4,67M","-1,13%"
"16.05.2019","43,41","43,30","43,95","43,16","4,35M","0,67%"
"15.05.2019","43,12","43,20","43,52","43,01","5,52M","-0,21%"
"14.05.2019","43,21","43,50","43,92","43,12","6,26M","-0,32%"
"13.05.2019","43,35","43,30","43,87","43,30","5,35M","0,44%"
"10.05.2019","43,16","44,80","45,00","43,16","15,84M","-3,29%"
"08.05.2019","44,63","45,90","45,90","44,63","6,41M","-2,81%"
"07.05.2019","45,92","45,65","45,99","45,33","6,20M","0,48%"
"06.05.2019","45,70","44,88","45,70","44,77","3,59M","0,99%"
"03.05.2019","45,25","44,88","45,48","44,81","5,09M","0,85%"
"02.05.2019","44,87","44,10","45,11","44,07","6,13M","1,52%"
"30.04.2019","44,20","44,10","44,20","43,80","8,33M","0,09%"
"29.04.2019","44,16","44,42","44,47","44,02","1,64M","-0,76%"
"26.04.2019","44,50","43,99","44,50","43,85","3,30M","1,04%"
"25.04.2019","44,04","44,01","44,19","43,84","2,84M","0,00%"
"24.04.2019","44,04","44,09","44,09","43,74","3,74M","-0,11%"
"23.04.2019","44,09","44,22","44,32","43,96","1,93M","-0,25%"
"22.04.2019","44,20","44,27","44,41","44,15","984,00K","-0,05%"
"19.04.2019","44,22","44,23","44,38","44,13","731,50K","0,00%"
"18.04.2019","44,22","44,19","44,22","44,00","1,89M","0,05%"
"17.04.2019","44,20","44,30","44,30","43,91","4,49M","0,52%"
"16.04.2019","43,97","44,03","44,33","43,91","3,61M","-0,07%"
"15.04.2019","44,00","44,45","44,68","44,00","4,26M","-1,03%"
"12.04.2019","44,46","44,05","44,46","43,91","7,83M","0,84%"
"11.04.2019","44,09","44,42","44,66","43,71","4,40M","-0,74%"
"10.04.2019","44,42","44,95","45,07","44,42","5,17M","-1,42%"
"09.04.2019","45,06","45,18","45,27","44,73","3,95M","-0,07%"
"08.04.2019","45,09","45,00","45,13","44,62","3,86M","0,56%"
"05.04.2019","44,84","45,06","45,34","44,75","3,59M","-0,91%"
"04.04.2019","45,25","45,40","45,75","45,01","3,87M","-0,35%"
"03.04.2019","45,41","45,54","45,80","45,35","3,91M","0,09%"
"02.04.2019","45,37","45,77","45,94","45,20","4,58M","-1,31%"
"01.04.2019","45,97","45,72","46,19","45,34","6,03M","0,15%"
"29.03.2019","45,90","45,12","45,90","44,92","5,70M","1,73%"
"28.03.2019","45,12","44,79","45,12","44,65","3,69M","1,12%"
"27.03.2019","44,62","45,34","45,46","44,62","5,64M","-1,28%"
"26.03.2019","45,20","45,14","45,65","44,81","4,97M","0,11%"
"25.03.2019","45,15","44,50","45,49","44,20","5,39M","0,92%"
"22.03.2019","44,74","45,20","45,28","44,55","4,69M","-1,15%"
"21.03.2019","45,26","45,20","45,45","44,85","7,83M","0,47%"
"20.03.2019","45,05","45,56","45,56","44,85","6,75M","-1,12%"
"19.03.2019","45,56","46,15","46,46","45,40","7,66M","-1,66%"
"18.03.2019","46,33","45,33","46,39","45,05","9,84M","2,27%"
"15.03.2019","45,30","45,20","45,40","44,80","31,81M","0,24%"
"14.03.2019","45,19","44,98","45,19","44,71","9,02M","0,49%"
"13.03.2019","44,97","44,65","45,00","44,20","7,53M","0,72%"
"12.03.2019","44,65","44,45","44,65","44,05","5,44M","1,00%"
"11.03.2019","44,21","43,30","44,41","43,10","9,71M","1,63%"
"07.03.2019","43,50","43,65","43,86","43,45","2,52M","-0,57%"
"06.03.2019","43,75","43,50","43,92","43,50","4,87M","0,57%"
"05.03.2019","43,50","43,96","44,00","43,50","4,22M","-1,07%"
"04.03.2019","43,97","44,09","44,30","43,80","2,09M","-0,27%"
"01.03.2019","44,09","44,60","44,67","43,80","10,53M","-0,92%"
"28.02.2019","44,50","44,29","44,95","44,10","14,53M","0,23%"
"27.02.2019","44,40","44,81","45,15","44,30","11,87M","-1,31%"
"26.02.2019","44,99","44,30","44,99","44,25","7,04M","0,65%"
"25.02.2019","44,70","43,80","44,80","43,73","11,34M","2,05%"
"22.02.2019","43,80","43,00","43,90","42,84","8,88M","1,86%"
"21.02.2019","43,00","43,23","43,27","42,66","5,79M","0,00%"
"20.02.2019","43,00","42,88","43,43","42,85","8,94M","0,21%"
"19.02.2019","42,91","42,95","43,10","42,70","3,83M","-0,07%"
"18.02.2019","42,94","43,20","43,38","42,80","3,35M","-0,58%"
"15.02.2019","43,19","43,08","43,50","42,74","7,07M","0,37%"
"14.02.2019","43,03","41,87","43,30","41,86","15,53M","1,44%"
"13.02.2019","42,42","43,47","43,53","42,26","14,59M","-2,21%"
"12.02.2019","43,38","43,30","44,20","43,27","10,33M","0,30%"
"11.02.2019","43,25","43,11","43,57","43,10","8,15M","-0,14%"
"08.02.2019","43,31","43,80","43,98","43,20","7,16M","-1,46%"
"07.02.2019","43,95","44,68","44,73","43,73","7,93M","-1,46%"
"06.02.2019","44,60","44,17","44,60","44,12","9,35M","1,16%"
"05.02.2019","44,09","43,98","44,45","43,86","6,41M","0,57%"
"04.02.2019","43,84","43,90","44,25","43,74","4,93M","0,25%"
"01.02.2019","43,73","43,41","44,34","43,20","6,65M","0,99%"
"31.01.2019","43,30","43,98","44,20","43,30","10,06M","-1,01%"
"30.01.2019","43,74","44,40","44,62","43,11","16,54M","-2,08%"
"29.01.2019","44,67","45,00","45,14","44,44","7,44M","-0,95%"
"28.01.2019","45,10","44,75","45,33","44,46","6,87M","0,24%"
"25.01.2019","44,99","44,55","44,99","44,08","8,66M","0,92%"
"24.01.2019","44,58","44,21","44,58","43,60","9,28M","0,18%"
"23.01.2019","44,50","44,02","44,64","43,75","6,50M","1,18%"
"22.01.2019","43,98","44,58","44,83","43,63","9,23M","-1,54%"
"21.01.2019","44,67","44,38","44,85","44,08","3,50M","0,65%"
"18.01.2019","44,38","43,75","44,41","43,38","8,62M","1,79%"
"17.01.2019","43,60","43,86","43,96","43,02","8,84M","-0,27%"
"16.01.2019","43,72","43,92","44,23","42,96","11,81M","0,09%"
"15.01.2019","43,68","45,01","45,16","43,66","13,19M","-2,87%"
"14.01.2019","44,97","45,52","45,52","44,45","6,48M","-1,38%"
"11.01.2019","45,60","44,95","45,76","44,77","7,14M","1,45%"
"10.01.2019","44,95","44,55","44,95","44,17","9,15M","0,33%"
"09.01.2019","44,80","43,23","44,80","43,02","12,20M","3,80%"
"08.01.2019","43,16","43,43","43,70","42,58","7,33M","-0,48%"
"04.01.2019","43,37","42,98","43,62","42,80","5,64M","0,91%"
"03.01.2019","42,98","43,17","43,30","42,55","3,59M","-0,14%"