"Date","Price","Open","High","Low","Vol.","Change %"
"03/31/2023","129.32","130.60","130.60","128.36","3.54M","-0.98%"
"03/30/2023","130.60","132.30","133.44","129.80","4.85M","-0.94%"
"03/29/2023","131.84","128.00","134.44","127.10","10.37M","3.37%"
"03/28/2023","127.54","128.58","128.94","126.56","2.27M","-0.50%"
"03/27/2023","128.18","127.00","128.42","126.86","2.81M","1.33%"
"03/24/2023","126.50","126.20","126.50","125.40","1.26M","0.24%"
"03/23/2023","126.20","125.00","126.54","123.92","2.88M","0.88%"
"03/22/2023","125.10","125.98","126.32","125.00","1.49M","-0.78%"
"03/21/2023","126.08","128.24","128.58","125.12","3.45M","-1.18%"
"03/20/2023","127.58","125.40","128.00","124.42","5.78M","1.98%"
"03/17/2023","125.10","125.02","125.96","124.32","3.99M","0.77%"
"03/16/2023","124.14","123.80","124.32","120.80","3.42M","0.26%"
"03/15/2023","123.82","125.94","126.42","122.50","3.35M","-1.50%"
"03/14/2023","125.70","125.00","126.26","124.02","2.72M","0.62%"
"03/13/2023","124.92","127.00","127.20","124.02","4.50M","-1.36%"
"03/10/2023","126.64","125.90","127.20","125.40","2.66M","0.14%"
"03/09/2023","126.46","126.40","127.22","125.22","2.63M","0.06%"
"03/07/2023","126.38","126.90","127.40","125.70","3.38M","-0.46%"
"03/06/2023","126.96","128.50","129.10","126.60","5.01M","-1.06%"
"03/03/2023","128.32","126.20","128.54","125.30","2.94M","1.73%"
"03/02/2023","126.14","127.90","128.90","124.32","6.61M","-1.44%"
"03/01/2023","127.98","125.98","128.52","125.14","5.70M","2.22%"
"02/28/2023","125.20","124.20","126.00","123.80","5.40M","0.92%"
"02/27/2023","124.06","119.88","124.64","117.84","6.00M","3.38%"
"02/24/2023","120.00","121.32","122.44","118.90","3.08M","-0.78%"
"02/22/2023","120.94","122.02","122.38","119.56","4.05M","-0.69%"
"02/21/2023","121.78","117.88","122.00","117.72","6.03M","3.33%"
"02/20/2023","117.86","117.22","118.34","114.40","3.84M","0.36%"
"02/17/2023","117.44","116.88","118.60","115.74","4.33M","-0.47%"
"02/16/2023","118.00","118.40","120.34","115.46","5.49M","0.34%"
"02/15/2023","117.60","122.50","122.58","115.20","6.67M","-4.34%"
"02/14/2023","122.94","126.26","126.66","122.76","4.20M","-2.97%"
"02/13/2023","126.70","125.04","127.48","125.02","4.23M","1.36%"
"02/10/2023","125.00","122.04","125.70","121.72","7.15M","2.04%"
"02/09/2023","122.50","119.30","123.24","118.34","4.59M","2.68%"
"02/08/2023","119.30","121.90","122.42","119.10","3.49M","-2.08%"
"02/07/2023","121.84","123.22","123.90","120.80","3.42M","-1.30%"
"02/06/2023","123.44","120.40","123.68","119.82","5.09M","2.63%"
"02/03/2023","120.28","120.22","120.68","118.10","4.16M","0.05%"
"02/02/2023","120.22","119.80","120.88","118.00","5.56M","1.06%"
"02/01/2023","118.96","117.00","120.00","116.50","5.21M","1.85%"
"01/31/2023","116.80","115.40","116.98","114.80","2.92M","1.42%"
"01/30/2023","115.16","113.76","115.38","113.76","3.01M","1.23%"
"01/27/2023","113.76","112.38","113.98","112.22","2.29M","1.25%"
"01/26/2023","112.36","111.76","113.16","111.24","1.87M","0.64%"
"01/25/2023","111.64","111.26","112.10","110.72","1.70M","0.34%"
"01/24/2023","111.26","111.82","112.80","111.08","1.77M","-0.68%"
"01/23/2023","112.02","112.30","112.46","111.28","1.60M","0.04%"
"01/20/2023","111.98","111.80","112.28","110.88","1.82M","0.43%"
"01/19/2023","111.50","111.50","112.46","110.58","2.79M","-0.04%"
"01/18/2023","111.54","111.30","113.30","110.84","3.26M","0.14%"
"01/17/2023","111.38","114.38","114.52","111.00","4.75M","-2.55%"
"01/16/2023","114.30","112.20","114.48","112.20","4.36M","1.91%"
"01/13/2023","112.16","111.50","112.30","110.70","2.00M","0.59%"
"01/12/2023","111.50","112.16","112.40","110.22","2.32M","-0.54%"
"01/11/2023","112.10","109.00","112.28","109.00","3.47M","2.64%"
"01/10/2023","109.22","109.90","110.18","108.64","3.62M","-1.07%"
"01/09/2023","110.40","111.90","112.38","109.80","4.64M","-0.84%"
"01/06/2023","111.34","112.28","112.50","111.18","1.90M","-0.64%"
"01/05/2023","112.06","112.30","112.66","110.88","2.31M","-0.25%"
"01/04/2023","112.34","114.58","114.62","111.82","4.18M","-1.77%"
"01/03/2023","114.36","113.00","115.20","112.70","6.51M","-2.89%"
"12/30/2022","117.76","115.68","118.32","115.24","4.21M","2.19%"
"12/29/2022","115.24","115.10","115.96","114.50","1.55M","-0.28%"
"12/28/2022","115.56","116.00","116.60","114.80","3.13M","-0.33%"
"12/27/2022","115.94","115.48","115.98","113.78","3.60M","0.56%"
"12/26/2022","115.30","114.60","115.52","114.30","2.35M","0.59%"
"12/23/2022","114.62","113.76","115.48","112.50","3.04M","0.76%"
"12/22/2022","113.76","115.12","115.94","112.94","4.56M","-0.77%"
"12/21/2022","114.64","114.98","117.00","112.80","6.67M","0.16%"
"12/20/2022","114.46","111.36","115.70","111.12","8.20M","2.80%"
"12/19/2022","111.34","108.50","112.20","107.68","6.02M","2.75%"
"12/16/2022","108.36","107.02","108.96","106.76","2.07M","1.18%"
"12/15/2022","107.10","108.82","109.58","107.10","4.68M","-1.60%"
"12/14/2022","108.84","107.58","109.82","106.78","5.17M","1.36%"
"12/13/2022","107.38","107.40","108.40","106.06","4.53M","0.22%"
"12/12/2022","107.14","107.38","107.94","106.30","4.12M","0.66%"
"12/09/2022","106.44","107.86","108.96","105.40","5.37M","-1.26%"
"12/08/2022","107.80","105.90","107.98","105.36","5.35M","1.89%"
"12/07/2022","105.80","106.34","106.94","104.98","2.95M","-0.71%"
"12/06/2022","106.56","105.92","107.00","105.30","3.32M","0.81%"
"12/05/2022","105.70","105.50","106.60","104.72","2.61M","0.25%"
"12/02/2022","105.44","106.60","106.60","104.90","2.43M","-1.11%"
"12/01/2022","106.62","106.42","107.00","106.02","2.05M","0.13%"
"11/30/2022","106.48","106.10","106.62","105.28","1.86M","0.09%"
"11/29/2022","106.38","106.12","107.20","105.58","3.28M","0.59%"
"11/28/2022","105.76","104.90","105.90","103.52","2.62M","0.34%"
"11/25/2022","105.40","106.16","106.80","104.88","2.74M","-0.72%"
"11/24/2022","106.16","107.36","107.86","105.60","2.70M","-0.54%"
"11/23/2022","106.74","107.54","107.96","105.60","3.97M","-0.09%"
"11/22/2022","106.84","104.88","107.76","103.20","5.26M","2.42%"
"11/21/2022","104.32","105.80","105.80","103.16","3.58M","-1.49%"
"11/18/2022","105.90","105.60","105.98","104.50","2.68M","0.21%"
"11/17/2022","105.68","107.24","108.00","105.12","3.55M","-1.34%"
"11/16/2022","107.12","104.80","107.50","104.28","4.95M","3.06%"
"11/15/2022","103.94","107.20","109.50","101.30","9.53M","-2.84%"
"11/14/2022","106.98","107.70","108.00","105.66","5.60M","-0.02%"
"11/11/2022","107.00","107.60","109.00","104.58","4.95M","-0.30%"
"11/10/2022","107.32","104.22","107.76","103.12","7.59M","2.93%"
"11/09/2022","104.26","108.42","108.98","103.82","8.10M","-4.45%"
"11/08/2022","109.12","110.20","111.50","108.06","7.29M","-0.73%"
"11/07/2022","109.92","105.00","111.00","104.52","12.08M","5.69%"
"11/03/2022","104.00","100.50","104.80","99.16","9.23M","3.36%"
"11/02/2022","100.62","103.34","103.46","98.52","4.31M","-2.58%"
"11/01/2022","103.28","103.30","104.88","101.30","6.17M","0.19%"
"10/31/2022","103.08","106.26","106.26","101.82","8.62M","-2.74%"
"10/28/2022","105.98","105.56","106.76","103.16","10.42M","0.38%"
"10/27/2022","105.58","100.50","107.24","99.20","18.25M","5.37%"
"10/26/2022","100.20","96.32","101.40","95.02","11.58M","4.07%"
"10/25/2022","96.28","93.46","97.00","93.18","7.47M","3.02%"
"10/24/2022","93.46","94.52","95.26","92.02","9.12M","-0.91%"
"10/21/2022","94.32","89.36","94.50","87.80","15.86M","5.62%"
"10/20/2022","89.30","86.18","89.90","85.74","9.75M","4.71%"
"10/19/2022","85.28","84.70","85.94","83.56","5.17M","0.40%"
"10/18/2022","84.94","88.08","88.34","84.82","10.14M","-3.17%"
"10/17/2022","87.72","83.10","87.72","82.14","12.33M","6.38%"
"10/14/2022","82.46","82.24","83.86","80.22","7.20M","0.05%"
"10/13/2022","82.42","81.82","83.24","81.04","3.97M","0.15%"
"10/12/2022","82.30","83.38","83.62","80.68","6.84M","-0.60%"
"10/11/2022","82.80","78.30","83.36","76.52","14.88M","5.99%"
"10/10/2022","78.12","71.98","78.22","70.40","13.72M","5.71%"
"10/07/2022","73.90","78.00","78.00","73.20","13.89M","-5.52%"
"10/06/2022","78.22","80.16","82.28","77.56","13.51M","-2.74%"
"10/05/2022","80.42","82.30","82.44","77.50","11.66M","-3.46%"
"10/04/2022","83.30","87.00","87.38","81.74","10.88M","-3.99%"
"10/03/2022","86.76","85.46","88.26","82.20","12.09M","2.19%"
"09/30/2022","84.90","78.50","85.40","75.00","18.43M","8.76%"
"09/29/2022","78.06","81.70","82.30","76.50","8.65M","-4.46%"
"09/28/2022","81.70","82.66","84.94","79.18","11.31M","-0.22%"
"09/27/2022","81.88","79.74","82.70","76.12","10.86M","5.92%"
"09/26/2022","77.30","90.36","91.14","77.04","19.46M","-15.63%"
"09/23/2022","91.62","100.46","100.46","90.02","14.33M","-8.84%"
"09/22/2022","100.50","101.00","104.48","100.16","7.10M","0.08%"
"09/21/2022","100.42","97.20","106.14","97.20","12.42M","-7.72%"
"09/20/2022","108.82","117.00","117.10","106.50","14.20M","-6.75%"
"09/19/2022","116.70","117.24","117.96","115.90","3.90M","-0.38%"
"09/16/2022","117.14","118.96","119.14","116.60","5.27M","-1.43%"
"09/15/2022","118.84","118.28","119.28","117.72","3.80M","0.85%"
"09/14/2022","117.84","118.34","118.34","115.32","4.32M","-0.42%"
"09/13/2022","118.34","119.98","120.78","117.76","4.81M","-1.20%"
"09/12/2022","119.78","117.50","121.70","117.48","7.28M","1.72%"
"09/09/2022","117.76","117.02","117.98","116.00","6.41M","0.82%"
"09/08/2022","116.80","119.20","119.36","116.66","4.79M","-1.72%"
"09/07/2022","118.84","121.48","122.46","118.84","6.11M","-1.87%"
"09/06/2022","121.10","125.80","125.82","120.66","6.62M","-3.89%"
"09/05/2022","126.00","123.00","126.00","121.58","4.69M","2.86%"
"09/02/2022","122.50","118.66","122.50","118.42","5.49M","3.81%"
"09/01/2022","118.00","121.40","121.76","117.18","5.26M","-2.20%"
"08/31/2022","120.66","119.00","123.96","118.12","5.45M","1.51%"
"08/30/2022","118.86","116.50","119.50","116.50","8.20M","2.03%"
"08/29/2022","116.50","115.02","116.50","114.58","3.94M","1.30%"
"08/26/2022","115.00","115.42","115.42","113.52","3.94M","-0.17%"
"08/25/2022","115.20","117.48","117.78","114.50","4.17M","-1.94%"
"08/24/2022","117.48","116.86","117.48","116.40","1.69M","0.51%"
"08/23/2022","116.88","116.60","117.72","116.22","2.45M","0.36%"
"08/22/2022","116.46","115.10","117.08","114.30","3.28M","1.36%"
"08/19/2022","114.90","115.20","115.42","113.78","4.05M","-0.31%"
"08/18/2022","115.26","116.30","116.50","114.94","3.69M","-0.81%"
"08/17/2022","116.20","117.96","118.00","116.20","3.44M","-1.53%"
"08/16/2022","118.00","117.94","118.48","116.68","4.27M","0.03%"
"08/15/2022","117.96","117.68","117.96","115.70","2.90M","0.68%"
"08/12/2022","117.16","117.22","117.96","115.00","4.02M","-0.44%"
"08/11/2022","117.68","118.50","119.98","117.10","3.52M","-0.69%"
"08/10/2022","118.50","118.36","118.50","116.52","3.13M","-0.57%"
"08/09/2022","119.18","119.10","119.18","116.12","4.25M","0.37%"
"08/08/2022","118.74","122.50","122.50","118.08","2.96M","-1.13%"
"08/05/2022","120.10","124.48","125.00","119.36","2.63M","-3.53%"
"08/04/2022","124.50","125.00","126.80","121.56","2.49M","-0.43%"
"08/03/2022","125.04","127.14","129.12","124.70","2.87M","-3.82%"
"08/02/2022","130.00","131.70","132.96","130.00","2.76M","-1.29%"
"08/01/2022","131.70","131.94","136.36","128.20","10.76M","1.31%"
"07/29/2022","130.00","124.52","130.00","124.52","2.39M","3.59%"
"07/28/2022","125.50","125.98","127.80","123.00","6.16M","-0.05%"
"07/27/2022","125.56","123.50","126.70","122.12","4.58M","2.00%"
"07/26/2022","123.10","119.32","123.10","119.32","1.86M","3.69%"
"07/25/2022","118.72","117.02","121.98","116.80","2.93M","1.09%"
"07/22/2022","117.44","115.36","117.50","114.06","1.98M","1.35%"
"07/21/2022","115.88","119.42","119.42","114.00","3.24M","-3.42%"
"07/20/2022","119.98","123.30","123.82","118.60","3.29M","-2.61%"
"07/19/2022","123.20","125.70","126.04","121.00","2.87M","-1.80%"
"07/18/2022","125.46","129.40","130.04","125.46","1.56M","-3.33%"
"07/15/2022","129.78","127.30","129.78","124.70","1.87M","2.08%"
"07/14/2022","127.14","129.80","131.20","126.02","1.57M","-2.05%"
"07/13/2022","129.80","132.80","133.02","128.10","1.65M","-2.05%"
"07/12/2022","132.52","136.20","136.48","132.40","1.48M","-2.93%"
"07/11/2022","136.52","138.00","138.50","135.50","1.02M","-1.07%"
"07/08/2022","138.00","138.20","138.20","135.60","945.84K","-0.27%"
"07/07/2022","138.38","138.62","139.66","136.50","1.26M","-0.37%"
"07/06/2022","138.90","136.00","140.50","135.60","2.52M","1.76%"
"07/05/2022","136.50","135.34","136.78","132.48","1.54M","0.74%"
"07/04/2022","135.50","135.00","136.50","133.46","1.61M","1.80%"
"07/01/2022","133.10","133.30","140.18","131.08","3.33M","-0.22%"
"06/30/2022","133.40","137.78","139.96","133.00","3.83M","-3.18%"
"06/29/2022","137.78","133.90","139.14","131.44","2.60M","2.82%"
"06/28/2022","134.00","135.44","135.84","133.90","1.38M","-1.47%"
"06/27/2022","136.00","135.70","136.18","134.00","1.40M","0.07%"
"06/24/2022","135.90","137.00","138.50","134.32","1.98M","-0.80%"
"06/23/2022","137.00","134.86","137.00","132.40","2.11M","1.59%"
"06/22/2022","134.86","132.78","137.18","130.20","1.90M","0.42%"
"06/21/2022","134.30","135.00","138.92","132.96","4.05M","-0.06%"
"06/20/2022","134.38","130.34","134.38","130.02","2.52M","3.27%"
"06/17/2022","130.12","131.00","131.72","129.92","1.27M","-0.67%"
"06/16/2022","131.00","129.00","132.48","128.34","2.76M","1.72%"
"06/15/2022","128.78","129.44","130.00","128.50","1.81M","-0.82%"
"06/14/2022","129.84","129.50","129.84","127.30","1.55M","-0.66%"
"06/10/2022","130.70","129.80","131.00","126.10","1.75M","0.71%"
"06/09/2022","129.78","134.00","139.48","128.06","2.64M","-3.06%"
"06/08/2022","133.88","133.00","135.46","132.02","2.22M","1.44%"
"06/07/2022","131.98","129.40","133.00","124.50","4.69M","1.92%"
"06/06/2022","129.50","130.02","130.20","127.02","1.82M","-0.40%"
"06/03/2022","130.02","135.20","135.80","124.12","7.32M","-4.58%"
"06/02/2022","136.26","141.88","142.50","135.10","2.52M","-4.18%"
"06/01/2022","142.20","144.00","144.20","140.62","2.68M","-1.46%"
"05/31/2022","144.30","144.90","145.54","142.12","1.23M","-0.84%"
"05/30/2022","145.52","149.92","150.00","143.80","2.66M","-2.90%"
"05/27/2022","149.86","151.00","151.88","149.04","1.22M","-0.61%"
"05/26/2022","150.78","150.50","153.62","147.60","1.29M","0.19%"
"05/25/2022","150.50","149.48","152.90","148.00","934.81K","2.38%"
"05/24/2022","147.00","151.82","152.26","146.80","1.61M","-2.88%"
"05/23/2022","151.36","157.02","157.84","150.30","1.23M","-2.94%"
"05/20/2022","155.94","161.50","161.50","155.70","1.54M","-3.51%"
"05/19/2022","161.62","160.34","161.62","157.14","936.86K","0.82%"
"05/18/2022","160.30","159.00","162.48","159.00","2.56M","0.82%"
"05/17/2022","159.00","159.46","160.48","159.00","1.20M","-0.63%"
"05/16/2022","160.00","155.88","160.00","155.04","923.88K","3.16%"
"05/13/2022","155.10","156.02","157.44","155.00","602.34K","-0.58%"
"05/12/2022","156.00","159.08","160.50","155.50","927.77K","-2.12%"
"05/11/2022","159.38","160.52","160.90","158.04","1.08M","-1.62%"
"05/06/2022","162.00","157.64","162.00","156.66","853.33K","2.57%"
"05/05/2022","157.94","156.60","157.94","155.00","700.78K","1.90%"
"05/04/2022","155.00","160.48","160.68","155.00","796.49K","-2.27%"
"04/29/2022","158.60","154.10","160.86","154.10","1.78M","0.86%"
"04/28/2022","157.24","159.96","162.00","157.00","1.92M","-0.58%"
"04/27/2022","158.16","157.98","160.84","156.24","1.19M","0.11%"
"04/26/2022","157.98","151.20","157.98","150.54","1.31M","3.40%"
"04/25/2022","152.78","155.46","155.78","149.40","1.18M","-1.98%"
"04/22/2022","155.86","154.66","159.50","153.20","1.83M","0.55%"
"04/21/2022","155.00","156.50","156.50","152.08","1.59M","-0.96%"
"04/20/2022","156.50","149.50","158.90","147.00","2.64M","4.92%"
"04/19/2022","149.16","148.30","150.00","143.00","1.76M","0.78%"
"04/18/2022","148.00","155.00","155.84","148.00","1.24M","-4.65%"
"04/15/2022","155.22","150.20","155.22","145.60","2.26M","3.34%"
"04/14/2022","150.20","155.00","155.00","150.00","1.46M","-3.10%"
"04/13/2022","155.00","157.34","157.76","152.02","1.21M","-0.28%"
"04/12/2022","155.44","159.12","159.12","152.10","1.69M","-1.12%"
"04/11/2022","157.20","161.16","161.44","156.42","1.98M","-2.45%"
"04/08/2022","161.14","162.50","162.50","160.00","1.29M","0.39%"
"04/07/2022","160.52","160.50","163.20","160.10","1.73M","0.01%"
"04/06/2022","160.50","162.50","163.00","158.10","2.41M","-1.23%"
"04/05/2022","162.50","171.88","172.84","161.20","3.85M","-5.47%"
"04/04/2022","171.90","173.40","177.82","166.10","3.97M","-0.75%"
"04/01/2022","173.20","174.70","181.46","172.00","7.91M","0.76%"
"03/31/2022","171.90","170.00","179.52","168.50","6.57M","2.93%"
"03/30/2022","167.00","164.00","168.40","160.00","2.62M","5.68%"
"03/29/2022","158.02","164.08","175.00","152.00","4.22M","-3.35%"
"03/28/2022","163.50","173.42","174.90","159.30","2.15M","-5.49%"
"03/25/2022","173.00","183.10","192.00","170.40","2.46M","-5.46%"
"03/24/2022","183.00","170.00","212.22","161.00","11.80M","3.10%"
"02/25/2022","177.50","185.12","202.34","160.96","22.10M","-1.76%"
"02/24/2022","180.68","198.10","207.98","142.00","30.19M","-17.89%"
"02/22/2022","220.04","200.82","223.54","191.92","30.43M","9.48%"
"02/21/2022","200.98","226.90","230.50","186.00","36.90M","-11.42%"
"02/18/2022","226.90","228.92","231.52","223.56","15.29M","-0.27%"
"02/17/2022","227.52","235.70","235.70","225.84","15.81M","-3.47%"
"02/16/2022","235.70","233.00","236.50","230.44","8.91M","1.14%"
"02/15/2022","233.04","227.88","236.20","227.88","15.82M","2.20%"
"02/14/2022","228.02","220.96","230.50","216.54","15.81M","2.96%"
"02/11/2022","221.46","226.00","228.72","219.00","15.43M","-2.31%"
"02/10/2022","226.70","232.20","232.42","224.40","18.41M","-2.49%"
"02/09/2022","232.50","226.78","233.30","226.78","18.17M","2.53%"
"02/08/2022","226.76","221.00","228.00","219.30","16.23M","2.82%"
"02/07/2022","220.54","216.50","220.80","215.44","16.41M","1.74%"
"02/04/2022","216.76","216.18","219.84","214.00","9.53M","0.27%"
"02/03/2022","216.18","219.78","221.92","213.52","13.89M","-1.64%"
"02/02/2022","219.78","215.30","219.98","214.82","13.07M","2.08%"
"02/01/2022","215.30","214.40","215.50","211.62","7.22M","0.92%"
"01/31/2022","213.34","210.74","215.94","210.74","7.68M","1.24%"
"01/28/2022","210.72","210.52","212.70","206.26","7.38M","1.04%"
"01/27/2022","208.56","201.24","211.48","198.88","11.23M","3.24%"
"01/26/2022","202.02","198.00","206.64","194.62","14.02M","1.86%"
"01/25/2022","198.34","195.64","200.62","191.74","13.27M","0.97%"
"01/24/2022","196.44","207.80","208.40","193.04","20.22M","-5.05%"
"01/21/2022","206.88","209.70","211.46","206.08","12.27M","-1.37%"
"01/20/2022","209.76","212.00","215.12","207.20","10.26M","-0.22%"
"01/19/2022","210.22","204.10","212.94","198.50","19.71M","2.20%"
"01/18/2022","205.70","211.50","212.22","198.50","19.66M","-2.74%"
"01/17/2022","211.50","214.00","216.72","207.62","9.45M","-1.17%"
"01/14/2022","214.00","218.12","220.44","211.02","12.60M","-2.29%"
"01/13/2022","219.02","220.58","221.52","216.96","10.26M","-0.71%"
"01/12/2022","220.58","217.30","220.98","215.76","8.10M","1.52%"
"01/11/2022","217.28","212.90","217.94","210.92","9.42M","2.34%"
"01/10/2022","212.32","214.62","215.82","210.50","5.67M","-0.70%"
"01/06/2022","213.82","213.04","217.98","211.80","9.23M","0.09%"
"01/05/2022","213.62","218.50","218.76","212.32","5.96M","-2.19%"
"01/04/2022","218.40","218.80","219.40","216.52","6.52M","-0.13%"
"01/03/2022","218.68","217.04","219.04","216.12","4.19M","0.76%"
"12/30/2021","217.04","215.02","217.90","213.00","6.19M","0.94%"
"12/29/2021","215.02","215.86","216.72","213.50","4.07M","-0.34%"
"12/28/2021","215.76","215.00","217.62","214.32","8.35M","0.54%"
"12/27/2021","214.60","212.40","215.00","211.90","4.54M","1.04%"
"12/24/2021","212.40","211.20","212.50","209.50","3.79M","0.58%"
"12/23/2021","211.18","211.00","212.56","209.80","6.43M","0.16%"
"12/22/2021","210.84","212.40","212.80","210.68","5.80M","-0.69%"
"12/21/2021","212.30","215.84","217.70","209.70","11.14M","-1.16%"
"12/20/2021","214.80","210.32","215.80","207.14","14.06M","1.95%"
"12/17/2021","210.70","210.00","211.12","207.38","10.41M","0.57%"
"12/16/2021","209.50","202.88","211.92","202.88","13.92M","3.31%"
"12/15/2021","202.78","199.80","203.56","197.76","8.87M","1.49%"
"12/14/2021","199.80","203.90","204.00","184.80","21.75M","-2.11%"
"12/13/2021","204.10","212.20","213.64","202.72","11.59M","-3.82%"
"12/10/2021","212.20","211.50","214.06","209.22","10.76M","0.48%"
"12/09/2021","211.18","208.06","212.18","207.28","13.85M","1.63%"
"12/08/2021","207.80","208.36","210.16","206.02","10.32M","-0.27%"
"12/07/2021","208.36","207.00","209.76","202.50","16.81M","0.71%"
"12/06/2021","206.90","207.16","209.40","205.10","14.50M","-5.70%"
"12/03/2021","219.40","218.68","221.98","217.70","22.90M","0.49%"
"12/02/2021","218.34","217.42","218.50","215.32","12.65M","0.98%"
"12/01/2021","216.22","217.60","220.00","215.32","14.87M","-0.40%"
"11/30/2021","217.08","218.02","219.50","214.10","23.08M","-1.37%"
"11/29/2021","220.10","219.02","222.10","218.40","11.26M","1.27%"
"11/26/2021","217.34","220.92","220.96","215.82","12.40M","-2.67%"
"11/25/2021","223.30","223.00","224.52","222.14","5.45M","0.28%"
"11/24/2021","222.68","223.00","225.24","220.00","11.96M","-0.05%"
"11/23/2021","222.80","217.96","223.60","213.72","15.52M","1.64%"
"11/22/2021","219.20","223.00","224.62","212.34","16.17M","-1.51%"
"11/19/2021","222.56","225.50","226.50","220.70","7.97M","-0.94%"
"11/18/2021","224.68","222.86","226.80","222.34","11.19M","0.62%"
"11/17/2021","223.30","224.66","224.66","222.28","6.24M","0.36%"
"11/16/2021","222.50","221.96","222.80","220.10","8.38M","0.55%"
"11/15/2021","221.28","219.20","223.28","215.40","14.57M","0.14%"
"11/12/2021","220.98","225.00","225.38","219.30","14.87M","-1.66%"
"11/11/2021","224.70","222.00","225.00","221.18","12.08M","1.33%"
"11/10/2021","221.76","227.00","228.18","221.50","11.79M","-2.35%"
"11/09/2021","227.10","223.08","229.38","221.28","16.42M","1.74%"
"11/08/2021","223.22","222.68","223.82","219.50","12.43M","0.72%"
"11/05/2021","221.62","223.00","223.42","219.22","10.12M","-1.37%"
"11/03/2021","224.70","225.40","225.40","222.22","8.59M","-0.13%"
"11/02/2021","225.00","227.70","228.10","224.10","7.97M","-1.18%"
"11/01/2021","227.68","223.90","227.92","223.62","9.18M","1.82%"
"10/29/2021","223.60","225.24","225.50","221.16","8.51M","-0.92%"
"10/28/2021","225.68","228.90","229.66","222.20","17.30M","-1.37%"
"10/27/2021","228.82","230.98","230.98","224.72","11.92M","-0.99%"
"10/26/2021","231.10","228.60","234.46","227.64","20.65M","0.99%"
"10/25/2021","228.84","227.00","228.90","225.76","12.87M","1.49%"
"10/22/2021","225.48","225.70","228.20","224.48","14.52M","-0.19%"
"10/21/2021","225.92","219.02","228.40","219.02","27.85M","2.37%"
"10/20/2021","220.70","221.60","222.30","217.04","14.32M","-0.68%"
"10/19/2021","222.22","220.64","224.06","218.22","18.90M","1.36%"
"10/18/2021","219.24","211.84","219.50","209.20","15.23M","3.63%"
"10/15/2021","211.56","216.90","217.62","210.10","14.03M","-1.92%"
"10/14/2021","215.70","215.50","216.40","214.50","8.68M","0.53%"
"10/13/2021","214.56","219.50","219.62","213.50","13.59M","-2.05%"
"10/12/2021","219.04","221.34","221.34","217.20","15.33M","-1.17%"
"10/11/2021","221.64","222.60","224.88","220.30","14.05M","-0.12%"
"10/08/2021","221.90","218.36","224.60","214.74","21.95M","2.02%"
"10/07/2021","217.50","212.60","217.66","212.36","19.05M","3.13%"
"10/06/2021","210.90","206.86","212.44","204.60","24.15M","1.53%"
"10/05/2021","207.72","204.48","209.00","200.72","22.61M","1.20%"
"10/04/2021","205.26","211.54","212.06","202.26","21.87M","-3.41%"
"10/01/2021","212.50","216.62","216.62","211.50","9.60M","-1.90%"
"09/30/2021","216.62","219.72","219.98","215.12","9.59M","-0.87%"
"09/29/2021","218.52","218.00","220.90","217.54","8.27M","0.05%"
"09/28/2021","218.40","223.50","223.76","216.70","9.61M","-2.12%"
"09/27/2021","223.14","225.50","227.20","221.88","8.13M","-0.61%"
"09/24/2021","224.50","224.30","227.60","221.88","9.98M","0.17%"
"09/23/2021","224.12","222.88","224.84","217.40","20.03M","1.49%"
"09/22/2021","220.82","215.90","222.00","214.54","11.91M","3.19%"
"09/21/2021","214.00","213.50","216.40","211.16","13.26M","0.77%"
"09/20/2021","212.36","219.00","222.86","211.02","18.51M","-3.95%"
"09/17/2021","221.10","227.16","227.20","220.22","15.01M","-2.44%"
"09/16/2021","226.62","230.24","230.74","225.30","10.34M","-1.60%"
"09/15/2021","230.30","228.20","233.12","224.20","14.40M","0.32%"
"09/14/2021","229.56","233.94","234.38","228.50","12.68M","-2.21%"
"09/13/2021","234.74","232.00","235.86","230.26","8.46M","1.51%"
"09/10/2021","231.24","227.00","232.92","225.50","13.98M","2.13%"
"09/09/2021","226.42","236.00","236.42","226.20","16.12M","-4.16%"
"09/08/2021","236.26","235.10","237.46","235.10","7.46M","0.03%"
"09/07/2021","236.20","238.42","238.48","234.80","6.47M","-0.50%"
"09/06/2021","237.38","233.88","237.94","232.18","17.22M","-3.63%"
"09/03/2021","246.32","244.50","247.96","244.12","17.41M","0.40%"
"09/02/2021","245.34","246.00","247.50","242.34","13.37M","-0.43%"
"09/01/2021","246.40","248.84","248.90","241.40","14.04M","-0.48%"
"08/31/2021","247.60","252.00","253.56","245.30","20.55M","-1.34%"
"08/30/2021","250.96","246.82","251.88","246.76","8.60M","1.70%"
"08/27/2021","246.76","242.02","246.76","240.68","7.68M","2.23%"
"08/26/2021","241.38","244.00","245.90","239.42","14.99M","-1.36%"
"08/25/2021","244.70","238.86","246.42","238.72","12.02M","2.21%"
"08/24/2021","239.40","240.10","241.66","237.50","8.93M","-0.23%"
"08/23/2021","239.96","239.52","240.62","236.20","9.54M","0.49%"
"08/20/2021","238.78","240.00","241.26","237.22","8.78M","-0.72%"
"08/19/2021","240.50","245.00","245.00","237.00","20.27M","-2.16%"
"08/18/2021","245.80","250.50","251.68","245.26","11.58M","-1.97%"
"08/17/2021","250.74","251.00","252.76","250.20","8.62M","-0.19%"
"08/16/2021","251.22","250.00","252.92","249.64","7.42M","0.14%"
"08/13/2021","250.86","252.68","252.68","249.40","7.90M","-0.53%"
"08/12/2021","252.20","254.30","254.30","251.36","7.54M","-0.87%"
"08/11/2021","254.42","256.04","257.50","252.70","9.30M","-0.87%"
"08/10/2021","256.64","254.82","257.68","252.78","7.87M","1.07%"
"08/09/2021","253.92","255.12","256.68","250.00","19.63M","-0.82%"
"08/06/2021","256.02","262.34","263.32","255.12","10.47M","-2.41%"
"08/05/2021","262.34","259.00","262.50","257.72","7.42M","1.71%"
"08/04/2021","257.94","258.48","259.74","257.04","7.71M","-0.02%"
"08/03/2021","258.00","256.00","258.96","256.00","7.00M","0.44%"
"08/02/2021","256.86","259.02","260.54","256.12","6.42M","-0.63%"
"07/30/2021","258.50","258.60","259.56","255.80","11.98M","0.06%"
"07/29/2021","258.34","257.00","258.98","255.30","9.40M","0.80%"
"07/28/2021","256.28","256.50","258.30","254.58","11.30M","-0.11%"
"07/27/2021","256.56","248.00","256.80","247.46","17.65M","3.10%"
"07/26/2021","248.84","245.96","249.08","245.10","7.77M","0.84%"
"07/23/2021","246.76","248.10","249.30","244.76","7.32M","-0.38%"
"07/22/2021","247.70","243.50","248.50","242.74","14.43M","2.10%"
"07/21/2021","242.60","241.44","242.98","239.22","8.19M","0.78%"
"07/20/2021","240.72","234.20","241.34","231.56","13.23M","3.11%"
"07/19/2021","233.46","237.00","238.12","230.82","10.28M","-2.11%"
"07/16/2021","238.50","242.00","244.36","236.68","11.68M","-1.08%"
"07/15/2021","241.10","236.00","242.34","235.92","10.34M","1.79%"
"07/14/2021","236.86","238.02","241.98","236.18","9.50M","-0.99%"
"07/13/2021","239.22","236.18","242.00","233.52","16.79M","1.44%"
"07/12/2021","235.82","234.30","236.42","230.30","9.12M","0.86%"
"07/09/2021","233.80","225.70","234.48","225.16","13.83M","3.40%"
"07/08/2021","226.12","229.84","232.56","223.70","10.83M","-1.13%"
"07/07/2021","228.70","222.02","229.40","222.02","9.85M","3.02%"
"07/06/2021","222.00","227.48","228.70","221.84","10.72M","-2.13%"
"07/05/2021","226.84","230.20","230.20","226.14","5.67M","-1.26%"
"07/02/2021","229.74","228.24","232.18","227.84","8.60M","0.48%"
"07/01/2021","228.64","230.78","232.60","227.00","7.31M","-0.91%"
"06/30/2021","230.74","226.26","230.78","224.70","12.93M","1.98%"
"06/29/2021","226.26","231.68","231.68","224.82","16.63M","-2.38%"
"06/28/2021","231.78","231.26","236.88","230.20","13.02M","0.17%"
"06/25/2021","231.38","234.40","236.44","226.22","26.53M","-1.76%"
"06/24/2021","235.52","246.40","247.70","230.60","31.00M","-4.53%"
"06/23/2021","246.70","249.00","250.92","245.04","9.50M","-0.97%"
"06/22/2021","249.12","252.00","253.48","248.14","11.16M","-3.83%"
"06/21/2021","259.04","260.06","260.50","253.82","15.68M","-0.62%"
"06/18/2021","260.66","260.00","261.68","255.94","14.20M","0.18%"
"06/17/2021","260.18","262.48","263.18","259.02","9.73M","-1.06%"
"06/16/2021","262.98","265.82","266.42","261.88","8.04M","-1.38%"
"06/15/2021","266.66","271.74","273.20","265.06","9.19M","-1.97%"
"06/14/2021","272.02","272.00","274.40","268.80","5.45M","0.04%"
"06/11/2021","271.90","265.60","275.56","263.90","13.41M","2.75%"
"06/10/2021","264.62","262.22","265.78","261.30","7.19M","0.92%"
"06/09/2021","262.22","262.00","262.74","259.60","7.41M","0.12%"
"06/08/2021","261.90","263.98","265.58","260.12","6.94M","-0.80%"
"06/07/2021","264.00","262.46","265.10","260.30","5.81M","0.41%"
"06/04/2021","262.92","263.86","263.86","257.04","8.05M","-0.30%"
"06/03/2021","263.70","265.94","267.96","261.80","6.86M","-0.84%"
"06/02/2021","265.94","266.62","267.96","262.70","9.32M","-0.26%"
"06/01/2021","266.62","262.10","266.64","262.04","11.04M","1.81%"
"05/31/2021","261.88","262.00","264.30","259.08","10.07M","-0.63%"
"05/28/2021","263.54","268.24","269.68","260.12","11.54M","-1.38%"
"05/27/2021","267.22","266.58","271.16","264.26","34.59M","0.14%"
"05/26/2021","266.84","276.22","278.36","264.64","16.66M","-3.22%"
"05/25/2021","275.72","273.40","276.06","272.78","7.18M","1.18%"
"05/24/2021","272.50","271.00","272.50","268.40","5.39M","0.79%"
"05/21/2021","270.36","272.80","272.88","268.50","6.77M","-0.54%"
"05/20/2021","271.82","265.80","273.06","265.80","8.31M","2.31%"
"05/19/2021","265.68","270.94","272.54","264.00","7.85M","-2.29%"
"05/18/2021","271.90","269.82","274.38","268.94","6.93M","1.18%"
"05/17/2021","268.74","269.78","270.10","266.38","4.44M","0.05%"
"05/14/2021","268.60","268.00","271.12","264.24","6.23M","-0.33%"
"05/13/2021","269.50","273.50","274.16","265.36","9.45M","-1.47%"
"05/12/2021","273.52","272.24","276.76","272.24","9.56M","0.24%"
"05/11/2021","272.86","272.00","273.78","270.10","7.41M","0.33%"
"05/10/2021","271.96","269.92","273.22","269.04","11.26M","-1.47%"
"05/07/2021","276.02","266.82","276.32","266.50","10.36M","3.15%"
"05/06/2021","267.60","271.56","272.80","264.68","11.96M","-1.07%"
"05/05/2021","270.50","266.02","270.98","263.12","6.97M","1.73%"
"05/04/2021","265.90","264.90","267.00","261.16","8.36M","0.46%"
"04/30/2021","264.68","269.02","270.76","263.20","9.09M","-2.29%"
"04/29/2021","270.88","270.08","273.34","267.52","6.31M","0.44%"
"04/28/2021","269.68","270.10","274.56","265.52","13.28M","-0.49%"
"04/27/2021","271.00","280.18","280.24","268.40","18.67M","-2.95%"
"04/26/2021","279.24","276.96","282.46","276.22","10.51M","1.45%"
"04/23/2021","275.24","274.08","276.20","272.34","6.71M","1.16%"
"04/22/2021","272.08","268.98","275.80","267.00","14.86M","1.42%"
"04/21/2021","268.26","260.08","268.78","260.08","12.60M","2.51%"
"04/20/2021","261.68","260.90","263.98","259.32","9.01M","0.08%"
"04/19/2021","261.46","266.14","270.70","259.04","15.49M","-1.68%"
"04/16/2021","265.94","255.16","266.06","254.62","12.58M","4.92%"
"04/15/2021","253.48","249.20","255.32","249.00","10.23M","0.74%"
"04/14/2021","251.62","255.20","256.88","249.74","9.28M","-1.27%"
"04/13/2021","254.86","255.50","260.64","253.00","14.93M","-0.08%"
"04/12/2021","255.06","245.00","255.88","244.24","13.76M","3.90%"
"04/09/2021","245.48","243.94","245.48","240.28","8.48M","0.61%"
"04/08/2021","244.00","241.94","244.70","240.20","8.75M","1.25%"
"04/07/2021","240.98","236.54","242.34","231.14","12.82M","1.71%"
"04/06/2021","236.94","235.16","239.90","235.16","8.06M","0.24%"
"04/05/2021","236.38","239.00","239.40","234.70","5.20M","-1.50%"
"04/02/2021","239.98","237.56","240.18","236.50","2.74M","1.18%"
"04/01/2021","237.18","242.20","244.88","235.14","11.02M","-2.06%"
"03/31/2021","242.16","236.20","244.18","234.90","15.06M","2.99%"
"03/30/2021","235.12","229.70","236.20","229.70","10.85M","2.48%"
"03/29/2021","229.42","225.42","230.00","223.28","9.11M","1.97%"
"03/26/2021","224.98","219.02","225.98","218.72","12.43M","3.10%"
"03/25/2021","218.22","215.50","219.08","215.50","7.75M","1.26%"
"03/24/2021","215.50","212.54","217.88","210.82","8.68M","1.42%"
"03/23/2021","212.48","219.26","219.26","211.86","10.68M","-2.57%"
"03/22/2021","218.08","218.10","219.40","217.00","5.21M","-0.12%"
"03/19/2021","218.34","216.00","221.20","215.10","13.48M","1.07%"
"03/18/2021","216.02","216.00","219.94","215.54","11.00M","0.40%"
"03/17/2021","215.16","215.86","217.48","212.78","9.15M","-0.02%"
"03/16/2021","215.20","218.58","218.58","213.52","10.56M","-1.18%"
"03/15/2021","217.78","214.72","219.76","214.72","18.14M","0.82%"
"03/12/2021","216.00","214.50","216.24","211.50","8.11M","1.06%"
"03/11/2021","213.74","209.38","213.78","209.14","10.44M","2.42%"
"03/10/2021","208.68","210.20","210.58","206.64","8.91M","-0.72%"
"03/09/2021","210.20","213.68","215.00","206.50","14.13M","-1.45%"
"03/05/2021","213.30","218.06","218.14","208.80","25.69M","-1.32%"
"03/04/2021","216.16","227.00","227.32","215.90","12.64M","-4.69%"
"03/03/2021","226.80","222.32","228.96","222.32","11.69M","2.07%"
"03/02/2021","222.20","223.10","225.00","221.20","6.50M","-0.89%"
"03/01/2021","224.20","224.34","224.84","219.20","8.08M","0.94%"
"02/26/2021","222.12","215.54","226.20","215.00","19.22M","2.23%"
"02/25/2021","217.28","211.94","220.54","211.66","11.82M","2.52%"
"02/24/2021","211.94","212.94","214.40","209.70","10.81M","-1.26%"
"02/22/2021","214.64","210.00","215.30","208.36","8.66M","2.45%"
"02/20/2021","209.50","209.22","211.20","207.66","2.05M","0.38%"
"02/19/2021","208.70","203.50","209.22","202.10","7.80M","1.96%"
"02/18/2021","204.68","207.42","207.42","203.40","5.75M","-1.29%"
"02/17/2021","207.36","208.12","209.60","204.50","7.57M","-0.37%"
"02/16/2021","208.12","208.48","209.42","206.18","5.66M","0.33%"
"02/15/2021","207.44","208.82","209.92","205.08","7.80M","-0.37%"
"02/12/2021","208.20","206.50","208.32","200.64","8.18M","0.82%"
"02/11/2021","206.50","207.72","209.98","205.80","8.15M","-0.36%"
"02/10/2021","207.24","208.52","208.82","204.74","6.60M","-0.22%"
"02/09/2021","207.70","213.02","214.30","205.70","8.26M","-2.52%"
"02/08/2021","213.06","211.82","213.10","210.34","3.89M","0.90%"
"02/05/2021","211.16","213.00","213.26","209.12","3.71M","-0.64%"
"02/04/2021","212.52","213.40","214.58","210.90","6.91M","-0.41%"
"02/03/2021","213.40","213.08","214.18","211.56","7.47M","0.47%"
"02/02/2021","212.40","212.02","215.38","211.82","9.11M","0.33%"
"02/01/2021","211.70","211.54","213.82","210.04","5.08M","0.61%"
"01/29/2021","210.42","215.02","215.02","209.10","11.05M","-2.16%"
"01/28/2021","215.06","216.60","217.18","212.98","8.50M","-1.25%"
"01/27/2021","217.78","220.10","221.40","216.60","7.82M","-0.64%"
"01/26/2021","219.18","220.30","222.28","218.00","4.31M","-0.52%"
"01/25/2021","220.32","221.80","222.20","218.00","6.63M","-0.14%"
"01/22/2021","220.62","221.50","222.18","216.42","8.92M","-1.02%"
"01/21/2021","222.90","224.80","225.70","219.50","7.99M","-0.44%"
"01/20/2021","223.88","220.52","224.50","218.88","9.04M","2.14%"
"01/19/2021","219.20","220.96","222.00","217.72","6.51M","0.06%"
"01/18/2021","219.06","221.56","221.92","217.76","5.23M","-0.21%"
"01/15/2021","219.52","222.00","226.30","218.10","9.77M","-1.48%"
"01/14/2021","222.82","213.02","225.24","211.34","16.20M","3.79%"
"01/13/2021","214.68","218.76","219.20","211.88","9.12M","-1.69%"
"01/12/2021","218.38","219.60","221.00","216.20","7.26M","-0.45%"
"01/11/2021","219.36","224.72","226.26","215.38","12.03M","-2.66%"
"01/08/2021","225.36","216.80","226.60","215.34","13.38M","4.40%"
"01/06/2021","215.86","217.30","218.32","213.90","4.71M","-0.46%"
"01/05/2021","216.86","214.10","217.30","213.76","7.64M","1.24%"
"01/04/2021","214.20","208.92","216.78","208.92","7.26M","2.57%"
"12/30/2020","208.84","210.02","211.82","205.56","12.08M","-0.46%"
"12/29/2020","209.80","219.58","220.74","207.42","18.03M","-4.81%"
"12/28/2020","220.40","218.30","221.48","218.10","10.80M","-1.77%"
"12/25/2020","224.36","220.00","225.44","220.00","12.10M","2.07%"
"12/24/2020","219.80","218.98","220.64","217.40","6.80M","0.72%"
"12/23/2020","218.22","216.98","219.50","216.22","5.86M","0.47%"
"12/22/2020","217.20","210.00","217.90","209.08","10.60M","3.23%"
"12/21/2020","210.40","213.00","214.40","206.50","9.87M","-1.38%"
"12/18/2020","213.34","213.14","214.48","210.24","9.05M","0.08%"
"12/17/2020","213.18","214.90","216.40","211.64","7.30M","-0.59%"
"12/16/2020","214.44","212.90","215.94","211.80","9.68M","1.48%"
"12/15/2020","211.32","210.12","214.48","207.32","10.26M","0.10%"
"12/14/2020","211.10","206.00","212.80","205.28","14.16M","3.23%"
"12/11/2020","204.50","200.54","205.52","200.54","11.52M","1.69%"
"12/10/2020","201.10","197.80","201.40","197.50","7.33M","1.95%"
"12/09/2020","197.26","198.50","201.22","196.78","14.88M","-0.52%"
"12/08/2020","198.30","196.98","200.00","196.04","13.50M","0.95%"
"12/07/2020","196.44","192.28","198.98","191.10","14.71M","2.11%"
"12/04/2020","192.38","191.92","193.56","189.02","11.46M","0.72%"
"12/03/2020","191.00","192.42","194.90","189.26","26.78M","-1.93%"
"12/02/2020","194.76","196.30","203.50","193.20","17.10M","-0.80%"
"12/01/2020","196.34","193.94","198.20","193.02","6.92M","1.93%"
"11/30/2020","192.62","197.98","198.46","191.24","15.52M","-2.90%"
"11/27/2020","198.38","196.84","199.48","196.10","3.26M","0.63%"
"11/26/2020","197.14","194.50","198.22","193.98","5.24M","1.38%"
"11/25/2020","194.46","193.98","195.60","191.70","4.53M","0.53%"
"11/24/2020","193.44","190.22","193.90","189.76","3.76M","1.63%"
"11/23/2020","190.34","191.50","193.90","188.70","5.16M","-0.52%"
"11/20/2020","191.34","191.50","192.20","189.76","2.86M","0.18%"
"11/19/2020","191.00","192.00","193.80","190.20","4.61M","-0.83%"
"11/18/2020","192.60","195.20","196.18","190.72","10.03M","-1.76%"
"11/17/2020","196.06","202.64","202.76","193.80","9.98M","-3.22%"
"11/16/2020","202.58","199.00","202.86","198.00","10.06M","2.46%"
"11/13/2020","197.72","192.70","198.52","192.70","5.43M","2.19%"
"11/12/2020","193.48","193.00","194.98","191.72","10.34M","-0.49%"
"11/11/2020","194.44","191.62","195.10","191.62","5.49M","1.05%"
"11/10/2020","192.42","192.34","193.10","190.38","5.79M","0.28%"
"11/09/2020","191.88","190.90","193.66","188.00","7.74M","1.26%"
"11/06/2020","189.50","186.00","189.58","184.00","7.80M","1.59%"
"11/05/2020","186.54","193.44","194.24","185.70","12.47M","-2.13%"
"11/03/2020","190.60","190.08","191.32","188.20","6.44M","1.28%"
"11/02/2020","188.20","185.10","189.24","183.24","7.04M","1.67%"
"10/30/2020","185.10","180.00","186.40","177.80","9.14M","2.22%"
"10/29/2020","181.08","179.44","182.50","177.36","5.98M","1.25%"
"10/28/2020","178.84","181.16","181.84","175.62","7.95M","-0.99%"
"10/27/2020","180.62","179.80","184.18","179.24","6.89M","0.55%"
"10/26/2020","179.64","179.88","181.00","178.02","4.78M","0.08%"
"10/23/2020","179.50","180.40","181.92","178.70","7.04M","-0.41%"
"10/22/2020","180.24","170.70","182.22","170.70","13.29M","5.27%"
"10/21/2020","171.22","172.86","173.34","170.40","4.43M","-0.65%"
"10/20/2020","172.34","169.74","172.62","169.74","2.85M","1.29%"
"10/19/2020","170.14","170.88","171.70","168.02","2.13M","-0.25%"
"10/16/2020","170.56","170.76","171.90","169.64","4.07M","-0.11%"
"10/15/2020","170.74","169.70","171.38","168.68","4.02M","0.62%"
"10/14/2020","169.68","168.66","170.50","167.12","5.18M","0.83%"
"10/13/2020","168.28","172.72","173.30","167.80","3.66M","-2.89%"
"10/12/2020","173.28","169.26","173.52","169.00","4.04M","2.40%"
"10/09/2020","169.22","170.44","171.86","167.02","6.07M","-2.90%"
"10/08/2020","174.28","172.32","175.40","172.10","8.43M","1.04%"
"10/07/2020","172.48","173.50","174.36","170.84","5.32M","-0.42%"
"10/06/2020","173.20","173.62","174.78","172.36","3.85M","-0.40%"
"10/05/2020","173.90","173.92","174.76","171.94","3.79M","0.25%"
"10/02/2020","173.46","171.10","174.60","171.00","3.29M","1.13%"
"10/01/2020","171.52","172.60","174.00","171.00","2.36M","-0.28%"
"09/30/2020","172.00","174.54","175.98","171.52","5.15M","-1.71%"
"09/29/2020","175.00","171.60","175.16","171.06","5.55M","1.83%"
"09/28/2020","171.86","168.70","172.00","168.36","5.75M","1.95%"
"09/25/2020","168.58","167.96","169.00","166.54","3.36M","0.63%"
"09/24/2020","167.52","165.52","168.28","163.26","6.08M","1.47%"
"09/23/2020","165.10","167.00","168.86","165.00","6.96M","-0.97%"
"09/22/2020","166.72","165.62","168.10","165.40","4.99M","0.18%"
"09/21/2020","166.42","166.04","167.48","164.72","3.94M","-0.16%"
"09/18/2020","166.68","168.50","168.72","165.42","6.42M","-0.96%"
"09/17/2020","168.30","166.72","168.96","166.10","4.98M","0.66%"
"09/16/2020","167.20","167.50","169.08","165.64","6.59M","-1.05%"
"09/15/2020","168.98","167.40","169.44","165.96","5.75M","1.43%"
"09/14/2020","166.60","164.00","167.10","162.84","6.43M","2.22%"
"09/11/2020","162.98","160.30","164.66","159.02","6.34M","1.58%"
"09/10/2020","160.44","159.34","161.96","156.88","9.76M","0.36%"
"09/09/2020","159.86","158.52","160.56","158.10","7.42M","0.55%"
"09/08/2020","158.98","160.02","161.00","158.52","6.40M","-0.76%"
"09/07/2020","160.20","161.80","162.48","159.44","3.78M","-1.42%"
"09/04/2020","162.50","161.50","162.94","160.22","4.47M","0.36%"
"09/03/2020","161.92","161.26","163.74","161.06","6.57M","0.01%"
"09/02/2020","161.90","161.22","163.38","160.48","10.43M","0.38%"
"09/01/2020","161.28","155.50","161.76","152.40","9.15M","4.40%"
"08/31/2020","154.48","156.40","157.64","154.08","8.71M","-1.04%"
"08/28/2020","156.10","159.66","159.66","155.38","6.00M","-1.71%"
"08/27/2020","158.82","159.84","160.94","157.54","6.37M","-0.61%"
"08/26/2020","159.80","160.74","161.30","158.82","4.47M","-0.51%"
"08/25/2020","160.62","160.22","160.94","159.28","4.38M","0.27%"
"08/24/2020","160.18","160.04","161.98","159.32","3.79M","0.16%"
"08/21/2020","159.92","161.18","161.34","158.08","4.33M","-0.65%"
"08/20/2020","160.96","159.86","161.86","159.08","4.11M","0.40%"
"08/19/2020","160.32","160.12","162.18","159.34","4.36M","0.40%"
"08/18/2020","159.68","159.98","161.78","158.76","6.06M","-0.01%"
"08/17/2020","159.70","161.34","161.86","157.72","6.12M","-0.49%"
"08/14/2020","160.48","160.26","160.48","158.92","4.80M","0.45%"
"08/13/2020","159.76","163.24","166.98","159.28","7.67M","-1.98%"
"08/12/2020","162.98","157.52","163.04","157.26","7.57M","3.19%"
"08/11/2020","157.94","154.60","159.84","153.84","8.74M","2.29%"
"08/10/2020","154.40","149.22","154.74","149.22","8.52M","3.28%"
"08/07/2020","149.50","149.22","149.82","146.52","5.09M","0.23%"
"08/06/2020","149.16","148.70","150.50","147.72","7.02M","0.31%"
"08/05/2020","148.70","149.54","149.68","148.08","7.06M","-0.27%"
"08/04/2020","149.10","145.00","149.62","144.52","9.94M","3.06%"
"08/03/2020","144.68","145.52","146.80","144.52","3.50M","-0.71%"
"07/31/2020","145.72","145.88","146.00","142.58","5.84M","0.30%"
"07/30/2020","145.28","147.16","147.36","142.78","7.32M","-1.20%"
"07/29/2020","147.04","146.52","147.84","144.50","5.40M","0.12%"
"07/28/2020","146.86","145.88","149.20","145.38","6.69M","0.80%"
"07/27/2020","145.70","144.46","145.98","143.46","6.03M","1.29%"
"07/24/2020","143.84","141.00","144.50","140.22","6.15M","1.54%"
"07/23/2020","141.66","141.54","143.90","140.84","4.54M","0.34%"
"07/22/2020","141.18","139.96","142.08","139.18","5.07M","1.13%"
"07/21/2020","139.60","138.50","141.28","138.20","3.72M","0.81%"
"07/20/2020","138.48","137.06","139.26","136.68","2.27M","0.54%"
"07/17/2020","137.74","138.30","138.92","136.94","1.69M","-0.40%"
"07/16/2020","138.30","137.86","138.96","136.60","2.13M","-0.30%"
"07/15/2020","138.72","137.16","139.26","136.68","3.52M","1.18%"
"07/14/2020","137.10","135.50","137.90","133.40","4.77M","1.08%"
"07/13/2020","135.64","135.68","138.20","135.00","3.13M","0.00%"
"07/10/2020","135.64","136.72","136.86","134.36","5.81M","-3.27%"
"07/09/2020","140.22","142.44","142.82","138.92","5.68M","-1.79%"
"07/08/2020","142.78","142.94","143.46","141.78","2.87M","-0.36%"
"07/07/2020","143.30","144.94","144.94","143.02","4.34M","-0.47%"
"07/06/2020","143.98","144.04","144.98","143.32","3.33M","0.54%"
"07/03/2020","143.20","141.28","143.82","140.62","4.02M","1.49%"
"07/02/2020","141.10","141.10","141.40","140.10","3.01M","0.16%"
"06/30/2020","140.88","139.44","141.46","138.86","5.72M","1.34%"
"06/29/2020","139.02","136.90","139.32","136.86","3.09M","1.27%"
"06/26/2020","137.28","138.40","138.96","136.78","2.46M","-0.77%"
"06/25/2020","138.34","138.06","138.38","136.50","4.51M","-0.40%"
"06/23/2020","138.90","138.40","140.14","138.02","3.65M","0.42%"
"06/22/2020","138.32","138.60","138.86","136.34","4.57M","-0.39%"
"06/19/2020","138.86","138.42","139.60","138.02","7.76M","0.75%"
"06/18/2020","137.82","136.60","139.00","136.16","9.26M","0.39%"
"06/17/2020","137.28","134.66","137.72","134.16","8.37M","2.94%"
"06/16/2020","133.36","132.36","134.90","132.36","7.94M","1.41%"
"06/15/2020","131.50","134.22","134.50","130.92","7.93M","-3.02%"
"06/11/2020","135.60","137.30","137.46","134.82","3.77M","-2.21%"
"06/10/2020","138.66","137.00","139.30","136.12","5.57M","1.21%"
"06/09/2020","137.00","138.02","138.78","135.92","6.29M","-0.42%"
"06/08/2020","137.58","139.88","140.00","137.10","6.72M","-3.11%"
"06/05/2020","142.00","138.88","144.16","138.22","8.86M","2.26%"
"06/04/2020","138.86","140.38","140.88","136.72","10.96M","-0.73%"
"06/03/2020","139.88","138.48","140.74","137.68","6.40M","1.24%"
"06/02/2020","138.16","137.40","138.24","136.36","5.62M","0.32%"
"06/01/2020","137.72","138.30","139.00","136.80","4.50M","-0.03%"
"05/29/2020","137.76","139.16","139.16","134.72","16.49M","-0.75%"
"05/28/2020","138.80","137.96","139.26","135.94","7.79M","2.28%"
"05/27/2020","135.70","134.02","138.26","134.02","9.71M","1.27%"
"05/26/2020","134.00","132.90","136.44","132.20","13.40M","1.36%"
"05/25/2020","132.20","128.50","132.48","128.44","5.99M","3.06%"
"05/22/2020","128.28","125.02","128.36","124.32","7.15M","2.05%"
"05/21/2020","125.70","128.02","129.28","125.06","5.39M","-1.87%"
"05/20/2020","128.10","125.02","128.60","124.40","8.55M","2.46%"
"05/19/2020","125.02","124.04","126.26","123.20","8.99M","0.30%"
"05/18/2020","124.64","119.98","124.64","119.50","8.60M","5.27%"
"05/15/2020","118.40","118.32","120.22","117.52","5.23M","0.95%"
"05/14/2020","117.28","118.10","118.92","116.02","7.33M","-0.81%"
"05/13/2020","118.24","122.02","122.12","118.24","5.56M","-3.16%"
"05/12/2020","122.10","124.30","124.48","122.10","7.64M","-2.32%"
"05/08/2020","125.00","125.22","125.58","123.92","3.77M","0.08%"
"05/07/2020","124.90","124.50","126.58","124.12","5.00M","0.68%"
"05/06/2020","124.06","125.80","126.10","124.06","4.44M","-0.82%"
"05/05/2020","125.08","125.98","126.40","124.70","3.25M","0.22%"
"05/04/2020","124.80","127.68","127.68","123.90","5.36M","-2.76%"
"04/30/2020","128.34","127.64","128.40","125.94","6.84M","0.98%"
"04/29/2020","127.10","126.02","128.30","125.08","5.29M","1.19%"
"04/28/2020","125.60","123.00","126.46","122.40","8.69M","1.98%"
"04/27/2020","123.16","124.72","125.88","123.16","6.45M","-1.35%"
"04/24/2020","124.84","127.58","127.58","124.40","9.87M","-2.06%"
"04/23/2020","127.46","126.30","128.34","125.40","6.06M","1.56%"
"04/22/2020","125.50","124.44","127.48","124.44","8.74M","0.50%"
"04/21/2020","124.88","126.00","126.36","124.30","10.86M","-2.05%"
"04/20/2020","127.50","125.58","128.36","125.56","6.81M","1.11%"
"04/17/2020","126.10","127.30","127.98","125.52","5.66M","0.48%"
"04/16/2020","125.50","125.66","127.48","124.58","7.91M","0.14%"
"04/15/2020","125.32","128.04","128.90","124.20","6.70M","-2.88%"
"04/14/2020","129.04","130.72","131.96","129.00","6.83M","-0.68%"
"04/13/2020","129.92","132.50","132.58","128.70","3.37M","-1.26%"
"04/10/2020","131.58","132.02","132.08","131.00","1.89M","-1.41%"
"04/09/2020","133.46","133.72","134.60","130.40","7.47M","0.35%"
"04/08/2020","133.00","131.12","133.00","129.14","8.25M","0.57%"
"04/07/2020","132.24","132.14","132.78","131.12","8.08M","1.72%"
"04/06/2020","130.00","126.04","131.40","124.62","8.14M","4.13%"
"04/03/2020","124.84","122.40","124.98","121.12","9.40M","1.74%"
"04/02/2020","122.70","124.64","125.92","118.74","12.14M","-0.08%"
"04/01/2020","122.80","122.00","124.18","121.28","7.56M","-0.97%"
"03/31/2020","124.00","120.78","125.30","119.98","9.47M","4.39%"
"03/30/2020","118.78","114.00","118.78","113.40","5.90M","2.04%"
"03/27/2020","116.40","120.02","120.38","115.12","6.28M","-2.81%"
"03/26/2020","119.76","121.96","122.44","118.56","10.14M","-1.93%"
"03/25/2020","122.12","118.00","125.48","117.70","18.72M","5.20%"
"03/24/2020","116.08","111.00","117.34","111.00","14.17M","7.12%"
"03/23/2020","108.36","108.56","110.88","106.50","9.08M","-2.87%"
"03/20/2020","111.56","110.90","113.48","109.44","16.37M","2.90%"
"03/19/2020","108.42","102.00","110.86","100.00","19.55M","7.24%"
"03/18/2020","101.10","106.68","107.98","101.10","10.35M","-6.22%"
"03/17/2020","107.80","109.28","113.00","104.00","11.10M","-0.88%"
"03/16/2020","108.76","111.00","112.00","105.50","12.71M","-0.71%"
"03/13/2020","109.54","111.20","116.88","109.54","13.06M","-1.44%"
"03/12/2020","111.14","116.00","117.50","109.80","14.73M","-7.92%"
"03/11/2020","120.70","119.90","122.94","117.02","16.94M","2.25%"
"03/10/2020","118.04","107.60","123.94","100.82","18.42M","-1.27%"
"03/06/2020","119.56","123.00","123.44","117.60","12.19M","-3.88%"
"03/05/2020","124.38","124.44","124.84","121.74","8.79M","0.99%"
"03/04/2020","123.16","121.42","123.90","120.28","8.03M","0.65%"
"03/03/2020","122.36","123.50","124.48","121.12","9.96M","0.15%"
"03/02/2020","122.18","130.00","130.00","119.14","16.70M","-2.21%"
"02/28/2020","124.94","127.00","130.76","123.16","20.89M","-4.92%"
"02/27/2020","131.40","136.00","136.40","131.40","8.00M","-3.91%"
"02/26/2020","136.74","137.82","137.98","134.50","9.92M","-0.71%"
"02/25/2020","137.72","137.96","139.90","137.68","8.05M","-1.50%"
"02/21/2020","139.82","139.80","140.76","138.86","5.85M","-0.11%"
"02/20/2020","139.98","139.52","141.10","139.30","4.42M","0.62%"
"02/19/2020","139.12","140.00","140.44","137.20","4.98M","0.16%"
"02/18/2020","138.90","139.60","141.36","138.60","5.73M","-1.08%"
"02/17/2020","140.42","140.80","141.86","139.68","2.04M","0.07%"
"02/14/2020","140.32","139.14","141.22","138.30","5.48M","0.85%"
"02/13/2020","139.14","140.30","140.90","138.84","5.71M","-1.49%"
"02/12/2020","141.24","137.50","142.24","136.10","13.25M","2.94%"
"02/11/2020","137.20","138.50","139.34","136.80","6.72M","-0.28%"
"02/10/2020","137.58","140.18","141.28","134.64","7.66M","-1.71%"
"02/07/2020","139.98","139.02","140.06","137.50","5.20M","0.39%"
"02/06/2020","139.44","139.50","140.44","138.20","6.13M","0.45%"
"02/05/2020","138.82","138.82","140.00","137.22","8.56M","0.29%"
"02/04/2020","138.42","136.52","139.10","136.52","6.49M","1.79%"
"02/03/2020","135.98","137.48","138.66","135.60","8.15M","-1.46%"
"01/31/2020","138.00","144.18","144.66","138.00","11.34M","-4.05%"
"01/30/2020","143.82","143.50","144.52","142.54","2.77M","-0.26%"
"01/29/2020","144.20","145.06","145.06","143.32","4.13M","0.06%"
"01/28/2020","144.12","143.00","144.64","142.64","4.07M","0.67%"
"01/27/2020","143.16","144.22","144.38","140.50","5.49M","-1.27%"
"01/24/2020","145.00","145.20","146.18","144.56","2.71M","0.55%"
"01/23/2020","144.20","143.52","145.66","142.94","4.32M","0.11%"
"01/22/2020","144.04","147.36","148.10","143.52","8.90M","-2.25%"
"01/21/2020","147.36","148.38","148.68","145.78","5.49M","-0.95%"
"01/20/2020","148.78","150.26","152.00","148.10","7.71M","-0.95%"
"01/17/2020","150.20","148.80","150.50","148.00","5.81M","1.78%"
"01/16/2020","147.58","146.72","149.30","146.72","5.99M","0.74%"
"01/15/2020","146.50","146.90","148.76","145.24","6.51M","-0.29%"
"01/14/2020","146.92","147.08","151.46","146.22","11.51M","0.05%"
"01/13/2020","146.84","143.98","146.98","142.48","7.15M","2.24%"
"01/10/2020","143.62","142.16","145.12","140.80","9.44M","1.17%"
"01/09/2020","141.96","139.14","143.60","139.14","10.11M","1.76%"
"01/08/2020","139.50","139.00","139.50","137.80","9.33M","-1.72%"
"01/06/2020","141.94","144.50","144.50","140.88","6.60M","-1.77%"
"01/03/2020","144.50","143.98","144.74","143.30","4.58M","0.54%"
"12/30/2019","143.72","143.36","143.98","142.50","3.60M","0.21%"
"12/27/2019","143.42","143.00","144.68","142.64","3.66M","0.28%"
"12/26/2019","143.02","141.88","143.10","140.88","2.41M","0.86%"
"12/25/2019","141.80","142.44","142.44","141.06","1.21M","-0.11%"
"12/24/2019","141.96","142.80","143.16","141.62","1.68M","-0.41%"
"12/23/2019","142.54","142.30","143.50","141.36","3.81M","0.06%"
"12/20/2019","142.46","142.18","142.62","140.14","5.50M","0.76%"
"12/19/2019","141.38","139.90","142.70","138.76","11.45M","1.06%"
"12/18/2019","139.90","139.02","139.90","138.10","6.00M","0.36%"
"12/17/2019","139.40","139.20","139.90","137.12","7.79M","0.17%"
"12/16/2019","139.16","137.56","139.60","137.56","7.70M","0.91%"
"12/13/2019","137.90","136.10","137.98","135.90","12.89M","1.80%"
"12/12/2019","135.46","134.00","136.82","133.72","7.87M","1.17%"
"12/11/2019","133.90","132.80","135.00","132.46","7.40M","0.83%"
"12/10/2019","132.80","133.00","133.18","131.52","4.59M","-0.03%"
"12/09/2019","132.84","132.98","133.58","132.58","4.11M","-0.12%"
"12/06/2019","133.00","132.00","133.00","130.84","5.36M","0.91%"
"12/05/2019","131.80","129.06","132.80","128.04","10.99M","2.28%"
"12/04/2019","128.86","128.68","129.38","127.62","3.30M","0.64%"
"12/03/2019","128.04","131.82","131.92","127.60","10.87M","-2.65%"
"12/02/2019","131.52","129.56","133.26","129.30","12.20M","1.62%"
"11/29/2019","129.42","128.42","129.42","127.70","3.45M","0.87%"
"11/28/2019","128.30","127.82","129.28","126.90","3.48M","0.39%"
"11/27/2019","127.80","128.84","129.38","127.72","4.70M","-0.30%"
"11/26/2019","128.18","130.34","132.46","127.86","11.58M","-2.08%"
"11/25/2019","130.90","128.30","131.10","128.08","5.45M","2.41%"
"11/22/2019","127.82","126.54","128.10","126.14","3.54M","1.06%"
"11/21/2019","126.48","127.94","128.08","126.12","5.67M","-1.39%"
"11/20/2019","128.26","128.06","129.18","127.44","3.35M","-0.25%"
"11/19/2019","128.58","126.96","128.58","126.40","5.15M","1.47%"
"11/18/2019","126.72","127.10","128.22","125.92","4.68M","0.06%"
"11/15/2019","126.64","126.36","127.66","126.10","4.46M","0.56%"
"11/14/2019","125.94","129.12","129.40","125.80","7.80M","-2.52%"
"11/13/2019","129.20","129.44","129.66","127.68","3.99M","-0.08%"
"11/12/2019","129.30","128.70","130.10","128.04","3.70M","0.28%"
"11/11/2019","128.94","130.80","132.50","128.60","5.46M","-1.60%"
"11/08/2019","131.04","133.00","133.10","130.84","6.21M","-1.64%"
"11/07/2019","133.22","131.46","133.70","129.92","8.79M","1.54%"
"11/06/2019","131.20","129.00","131.60","129.00","8.40M","1.69%"
"11/05/2019","129.02","127.00","129.02","126.74","7.20M","2.28%"
"11/01/2019","126.14","125.64","126.14","124.32","5.16M","0.88%"
"10/31/2019","125.04","127.44","129.00","125.04","7.91M","-1.93%"
"10/30/2019","127.50","129.20","129.20","126.90","4.51M","-1.32%"
"10/29/2019","129.20","124.94","129.20","124.26","8.66M","3.81%"
"10/28/2019","124.46","123.20","125.66","122.70","5.69M","0.84%"
"10/25/2019","123.42","125.00","125.00","122.16","9.69M","-1.26%"
"10/24/2019","125.00","126.00","126.50","124.32","7.56M","-0.79%"
"10/23/2019","126.00","126.62","127.16","124.98","5.79M","-0.49%"
"10/22/2019","126.62","126.60","127.46","125.28","5.22M","0.02%"
"10/21/2019","126.60","129.00","129.48","125.72","6.41M","-1.71%"
"10/18/2019","128.80","129.50","129.78","127.60","5.07M","-0.46%"
"10/17/2019","129.40","128.66","129.80","128.16","4.29M","0.65%"
"10/16/2019","128.56","125.70","129.02","125.60","5.64M","2.42%"
"10/15/2019","125.52","129.50","129.50","124.30","10.40M","-2.74%"
"10/14/2019","129.06","130.84","131.50","128.14","5.11M","-0.75%"
"10/11/2019","130.04","131.20","131.20","129.84","4.01M","-0.69%"
"10/10/2019","130.94","128.32","131.54","127.16","5.51M","2.30%"
"10/09/2019","128.00","128.08","129.26","127.38","7.52M","-2.72%"
"10/08/2019","131.58","131.96","133.14","130.70","6.70M","0.12%"
"10/07/2019","131.42","132.44","132.98","129.74","8.41M","-0.35%"
"10/04/2019","131.88","134.20","135.20","130.90","8.52M","-1.58%"
"10/03/2019","134.00","136.60","136.62","133.10","11.60M","-1.83%"
"10/02/2019","136.50","140.60","140.82","136.06","11.48M","-2.92%"
"10/01/2019","140.60","142.30","142.56","140.32","4.26M","-1.14%"
"09/30/2019","142.22","142.42","142.56","140.42","3.70M","0.17%"
"09/27/2019","141.98","141.24","142.70","141.14","2.92M","0.21%"
"09/26/2019","141.68","141.40","142.34","141.00","3.23M","0.43%"
"09/25/2019","141.08","142.10","142.52","140.12","6.04M","-1.12%"
"09/24/2019","142.68","142.96","144.40","142.14","3.73M","0.20%"
"09/23/2019","142.40","144.96","145.22","142.10","6.23M","-1.59%"
"09/20/2019","144.70","144.96","145.26","143.06","7.24M","0.01%"
"09/19/2019","144.68","146.96","147.60","144.04","9.01M","-1.55%"
"09/18/2019","146.96","149.38","150.36","146.28","8.05M","-1.49%"
"09/17/2019","149.18","148.68","149.78","148.14","5.97M","0.19%"
"09/16/2019","148.90","148.40","149.00","146.66","4.96M","0.30%"
"09/13/2019","148.46","147.24","148.46","145.68","4.37M","0.47%"
"09/12/2019","147.76","149.40","150.40","146.82","6.16M","-1.47%"
"09/11/2019","149.96","148.50","150.96","148.50","4.43M","0.66%"
"09/10/2019","148.98","149.20","149.44","147.34","3.17M","-0.01%"
"09/09/2019","149.00","147.66","149.00","146.66","5.54M","1.60%"
"09/06/2019","146.66","145.76","147.70","144.58","4.33M","0.84%"
"09/05/2019","145.44","144.04","145.48","144.04","4.87M","1.00%"
"09/04/2019","144.00","144.50","145.62","143.02","6.13M","0.00%"
"09/03/2019","144.00","147.70","147.70","143.82","6.86M","-2.51%"
"09/02/2019","147.70","148.82","149.62","147.22","3.80M","-0.77%"
"08/30/2019","148.84","146.20","148.84","144.50","5.17M","1.74%"
"08/29/2019","146.30","143.56","146.92","143.38","5.40M","1.91%"
"08/28/2019","143.56","143.10","144.74","143.00","3.93M","0.21%"
"08/27/2019","143.26","142.20","144.00","141.70","7.46M","0.79%"
"08/26/2019","142.14","141.30","143.20","140.88","1.98M","-0.18%"
"08/23/2019","142.40","141.00","143.00","140.80","4.60M","1.17%"
"08/22/2019","140.76","141.08","142.20","140.30","4.48M","-0.34%"
"08/21/2019","141.24","140.40","141.94","139.52","3.80M","0.89%"
"08/20/2019","140.00","140.00","140.78","139.00","3.25M","0.07%"
"08/19/2019","139.90","139.32","140.44","138.06","4.27M","1.16%"
"08/16/2019","138.30","140.00","140.40","138.00","3.77M","-0.75%"
"08/15/2019","139.34","141.48","142.68","139.02","5.49M","-1.44%"
"08/14/2019","141.38","142.68","142.68","138.80","7.50M","-0.30%"
"08/13/2019","141.80","143.50","143.50","141.22","4.52M","-1.18%"
"08/12/2019","143.50","142.76","143.70","141.82","3.62M","0.73%"
"08/09/2019","142.46","145.18","145.40","141.56","4.71M","-1.47%"
"08/08/2019","144.58","145.10","146.16","144.58","3.07M","-0.21%"
"08/07/2019","144.88","145.00","146.24","143.64","4.22M","0.06%"
"08/06/2019","144.80","145.54","146.80","144.80","4.64M","-0.51%"
"08/05/2019","145.54","146.80","147.16","145.00","4.41M","-1.14%"
"08/02/2019","147.22","148.60","149.28","146.40","6.74M","-1.74%"
"08/01/2019","149.82","150.22","150.88","148.42","6.16M","-0.72%"
"07/31/2019","150.90","150.78","151.54","150.00","4.56M","0.28%"
"07/30/2019","150.48","152.00","152.00","150.02","4.05M","-0.66%"
"07/29/2019","151.48","152.40","152.40","149.84","5.67M","-0.21%"
"07/26/2019","151.80","154.10","154.50","151.80","4.74M","-1.54%"
"07/25/2019","154.18","154.20","154.68","153.10","2.37M","-0.19%"
"07/24/2019","154.48","156.38","156.74","153.28","3.68M","-1.06%"
"07/23/2019","156.14","156.44","156.98","155.40","2.26M","0.28%"
"07/22/2019","155.70","155.48","157.28","155.06","2.98M","0.10%"
"07/19/2019","155.54","156.06","156.76","155.52","5.14M","-0.27%"
"07/18/2019","155.96","156.40","156.80","154.42","4.74M","-0.27%"
"07/17/2019","156.38","155.76","156.68","155.06","4.24M","0.24%"
"07/16/2019","156.00","154.00","156.38","153.70","7.26M","1.23%"
"07/15/2019","154.10","152.52","154.76","151.92","5.92M","1.43%"
"07/12/2019","151.92","152.62","152.78","151.02","5.01M","-0.38%"
"07/11/2019","152.50","156.32","156.50","151.28","7.62M","-2.02%"
"07/10/2019","155.64","157.40","158.04","153.12","9.23M","-1.24%"
"07/09/2019","157.60","158.50","158.80","157.04","6.70M","-0.58%"
"07/08/2019","158.52","156.82","158.52","156.40","5.42M","1.08%"
"07/05/2019","156.82","157.72","158.00","156.30","4.50M","-0.31%"
"07/04/2019","157.30","157.70","158.50","156.52","8.79M","-0.24%"
"07/03/2019","157.68","160.74","160.74","157.66","10.65M","-1.68%"
"07/02/2019","160.38","159.08","161.08","159.04","5.41M","0.87%"
"07/01/2019","159.00","160.96","161.32","158.60","6.04M","-0.44%"
"06/28/2019","159.70","162.40","163.00","159.64","25.12M","-6.33%"
"06/27/2019","170.50","167.76","170.90","167.68","4.28M","2.10%"
"06/26/2019","167.00","171.58","172.00","167.00","5.99M","-2.32%"
"06/25/2019","170.96","168.04","171.00","167.60","6.13M","1.76%"
"06/24/2019","168.00","171.64","173.68","167.78","4.57M","-2.15%"
"06/21/2019","171.70","171.16","171.78","169.22","5.85M","0.19%"
"06/20/2019","171.38","173.84","174.98","169.88","8.64M","-1.03%"
"06/19/2019","173.16","175.86","178.26","172.02","3.95M","-1.36%"
"06/18/2019","175.54","175.00","175.54","170.76","6.05M","-3.55%"
"06/17/2019","182.00","183.06","183.94","181.88","5.77M","-0.66%"
"06/14/2019","183.20","181.06","185.42","181.06","5.11M","0.66%"
"06/13/2019","182.00","177.60","183.18","177.10","5.90M","2.24%"
"06/11/2019","178.02","173.62","178.02","172.96","3.90M","2.77%"
"06/10/2019","173.22","172.74","174.16","172.22","1.51M","0.41%"
"06/07/2019","172.52","173.80","174.20","172.04","1.69M","-0.66%"
"06/06/2019","173.66","170.50","174.50","169.60","2.28M","1.83%"
"06/05/2019","170.54","172.88","174.58","170.54","2.87M","-0.99%"
"06/04/2019","172.24","173.00","174.62","171.52","2.41M","-0.44%"
"06/03/2019","173.00","171.64","173.00","169.54","2.75M","0.39%"
"05/31/2019","172.32","172.20","172.32","169.78","2.48M","-0.32%"
"05/30/2019","172.88","170.60","172.88","170.36","3.36M","1.23%"
"05/29/2019","170.78","170.64","171.38","169.46","2.90M","-0.42%"
"05/28/2019","171.50","165.12","171.50","164.94","9.05M","4.03%"
"05/27/2019","164.86","164.00","165.08","163.40","1.19M","0.52%"
"05/24/2019","164.00","161.54","165.48","161.22","4.72M","2.12%"
"05/23/2019","160.60","162.34","163.28","160.42","3.37M","-1.17%"
"05/22/2019","162.50","160.70","164.10","160.12","4.44M","0.81%"
"05/21/2019","161.20","158.38","161.96","157.26","3.15M","2.17%"
"05/20/2019","157.78","156.50","158.86","156.10","1.95M","0.87%"
"05/17/2019","156.42","158.02","159.00","156.42","2.63M","-1.36%"
"05/16/2019","158.58","158.60","159.76","157.42","2.44M","0.04%"
"05/15/2019","158.52","159.00","160.98","158.08","2.77M","-0.10%"
"05/14/2019","158.68","159.26","161.34","158.56","3.59M","-0.51%"
"05/13/2019","159.50","162.58","164.22","159.40","3.13M","-1.89%"
"05/10/2019","162.58","166.68","166.70","162.18","4.42M","-3.59%"
"05/08/2019","168.64","170.34","170.68","168.06","3.49M","-1.38%"
"05/07/2019","171.00","169.78","171.00","168.20","3.01M","0.38%"
"05/06/2019","170.36","169.48","170.36","168.00","2.05M","0.51%"
"05/03/2019","169.50","170.14","170.84","169.30","3.00M","-3.19%"
"05/02/2019","175.08","170.52","175.14","170.14","6.16M","2.33%"
"04/30/2019","171.10","171.60","171.78","169.84","3.29M","0.08%"
"04/29/2019","170.96","174.00","175.18","170.96","3.05M","-1.97%"
"04/26/2019","174.40","170.32","174.40","170.02","3.28M","2.40%"
"04/25/2019","170.32","170.36","171.72","169.46","2.89M","-0.04%"
"04/24/2019","170.38","171.50","172.20","169.20","3.84M","-0.65%"
"04/23/2019","171.50","175.00","176.30","170.68","3.92M","-1.76%"
"04/22/2019","174.58","174.50","174.96","173.60","743.32K","0.16%"
"04/19/2019","174.30","173.00","174.40","172.98","718.48K","0.60%"
"04/18/2019","173.26","171.40","173.26","171.26","1.18M","1.09%"
"04/17/2019","171.40","172.72","174.50","171.30","1.51M","-0.75%"
"04/16/2019","172.70","169.16","173.70","168.70","2.70M","2.49%"
"04/15/2019","168.50","172.70","173.36","168.10","2.60M","-2.23%"
"04/12/2019","172.34","169.40","175.38","167.92","6.66M","2.34%"
"04/11/2019","168.40","171.92","172.94","167.80","3.16M","-2.47%"
"04/10/2019","172.66","172.50","173.96","171.82","1.80M","0.10%"
"04/09/2019","172.48","174.06","175.34","171.60","2.28M","-1.17%"
"04/08/2019","174.52","174.64","176.68","174.02","2.49M","0.31%"
"04/05/2019","173.98","174.56","175.30","173.56","1.37M","-0.01%"
"04/04/2019","174.00","173.10","174.40","171.26","1.97M","0.68%"
"04/03/2019","172.82","174.24","175.74","172.76","2.47M","-1.08%"
"04/02/2019","174.70","172.04","175.22","172.04","2.59M","1.23%"
"04/01/2019","172.58","170.60","173.98","170.22","2.97M","1.22%"
"03/29/2019","170.50","170.00","171.58","169.32","2.71M","0.18%"
"03/28/2019","170.20","166.90","170.86","166.90","3.22M","1.73%"
"03/27/2019","167.30","167.88","168.50","166.70","2.19M","-0.35%"
"03/26/2019","167.88","165.70","168.10","164.54","2.60M","1.38%"
"03/25/2019","165.60","165.86","166.48","165.10","1.82M","-0.66%"
"03/22/2019","166.70","168.66","168.88","166.06","3.69M","-1.15%"
"03/21/2019","168.64","167.94","168.92","166.78","3.50M","0.61%"
"03/20/2019","167.62","168.26","169.38","167.02","2.83M","-0.99%"
"03/19/2019","169.30","170.70","171.52","168.04","4.37M","-0.82%"
"03/18/2019","170.70","167.00","171.20","166.22","3.27M","1.79%"
"03/15/2019","167.70","166.30","168.64","165.40","3.45M","0.79%"
"03/14/2019","166.38","164.62","167.40","164.62","3.48M","-0.31%"
"03/13/2019","166.90","163.20","167.22","162.30","4.48M","2.19%"
"03/12/2019","163.32","163.96","163.96","162.28","2.07M","-0.07%"
"03/11/2019","163.44","164.24","164.48","162.08","3.87M","-1.24%"
"03/07/2019","165.50","164.50","165.50","163.26","2.62M","0.08%"
"03/06/2019","165.36","165.20","167.50","164.30","3.49M","-0.49%"
"03/05/2019","166.18","161.54","167.20","161.20","7.76M","2.55%"
"03/04/2019","162.04","157.40","163.20","156.08","5.55M","2.73%"
"03/01/2019","157.74","157.92","158.30","156.52","1.90M","-0.44%"
"02/28/2019","158.44","158.24","158.54","157.32","2.13M","-0.11%"
"02/27/2019","158.62","158.78","159.84","156.50","2.35M","-0.15%"
"02/26/2019","158.86","158.52","159.48","157.84","1.88M","-0.36%"
"02/25/2019","159.44","158.50","160.56","158.06","2.67M","0.59%"
"02/22/2019","158.50","155.90","158.50","155.32","2.27M","1.64%"
"02/21/2019","155.94","156.48","156.56","154.54","1.95M","-0.35%"
"02/20/2019","156.48","154.12","156.78","153.96","2.94M","1.66%"
"02/19/2019","153.92","155.00","155.46","152.76","2.42M","-0.61%"
"02/18/2019","154.86","157.24","157.70","154.76","2.06M","-1.51%"
"02/15/2019","157.24","155.12","157.94","155.12","2.62M","1.54%"
"02/14/2019","154.86","153.88","156.26","153.68","3.61M","0.00%"
"02/13/2019","154.86","158.00","158.00","154.86","2.98M","-1.61%"
"02/12/2019","157.40","157.90","159.10","155.60","2.34M","-0.15%"
"02/11/2019","157.64","156.72","158.94","156.72","2.47M","0.19%"
"02/08/2019","157.34","158.08","159.34","156.26","2.67M","-1.04%"
"02/07/2019","159.00","160.14","161.18","157.80","5.05M","-0.89%"
"02/06/2019","160.42","157.62","161.00","157.60","3.13M","1.24%"
"02/05/2019","158.46","158.06","158.98","157.10","2.48M","0.03%"
"02/04/2019","158.42","157.40","158.80","155.68","3.40M","0.78%"
"02/01/2019","157.20","152.90","157.20","152.20","6.05M","3.41%"
"01/31/2019","152.02","153.34","154.26","152.02","5.66M","-0.73%"
"01/30/2019","153.14","150.36","153.66","149.62","4.36M","1.63%"
"01/29/2019","150.68","149.84","150.68","147.50","2.73M","0.60%"
"01/28/2019","149.78","149.02","149.78","148.14","2.20M","0.65%"
"01/25/2019","148.82","146.74","148.82","146.14","2.65M","1.42%"
"01/24/2019","146.74","148.78","148.94","144.74","5.50M","-1.57%"
"01/23/2019","149.08","149.98","150.56","148.22","4.30M","-0.55%"
"01/22/2019","149.90","151.70","151.72","149.06","4.29M","-1.20%"
"01/21/2019","151.72","151.90","152.70","151.30","1.33M","-0.28%"
"01/18/2019","152.14","152.30","152.40","151.20","1.73M","0.42%"
"01/17/2019","151.50","150.88","151.52","149.28","2.51M","0.58%"
"01/16/2019","150.62","150.88","151.44","149.44","3.17M","0.03%"
"01/15/2019","150.58","152.70","153.08","149.84","3.22M","-1.08%"
"01/14/2019","152.22","154.20","154.20","151.60","2.58M","-1.48%"
"01/11/2019","154.50","154.48","155.08","152.90","2.98M","0.25%"
"01/10/2019","154.12","153.52","154.12","152.26","1.96M","0.22%"
"01/09/2019","153.78","150.36","154.46","150.08","4.03M","2.44%"
"01/08/2019","150.12","150.98","151.34","149.64","3.12M","-3.57%"
"01/04/2019","155.68","156.80","157.46","154.80","2.91M","-1.06%"
"01/03/2019","157.34","155.86","157.34","154.80","2.90M","-0.05%"